duration,credit_amount,employment,installment_commitment,residence_since,age,existing_credits,job,num_dependents,own_telephone,foreign_worker,class,checking_status_'<0',checking_status_'>=200',checking_status_'no checking',credit_history_'critical/other existing credit',credit_history_'delayed previously',credit_history_'existing paid',credit_history_'no credits/all paid',purpose_'new car',purpose_'used car',purpose_business,purpose_education,purpose_furniture/equipment,purpose_other,purpose_radio/tv,purpose_repairs,purpose_retraining,savings_status_'500<=X<1000',savings_status_'<100',savings_status_'>=1000',savings_status_'no known savings',personal_status_'male div/sep',personal_status_'male mar/wid',personal_status_'male single',other_parties_guarantor,other_parties_none,property_magnitude_'no known property',property_magnitude_'real estate',property_magnitude_car,other_payment_plans_none,other_payment_plans_stores,housing_own,housing_rent
-1.0,-0.40610880173504427,0.0,0.0,-0.5,0.7142857142857143,0.0,0.0,0.0,1,1,1,1,0,0,0,0,1,0,1,0,0,0,0,0,0,0,0,0,0,0,0,0,0,1,0,1,0,0,0,1,0,1,0
-1.0,-0.35550334357491414,0.0,-1.0,0.5,0.9285714285714286,1.0,0.0,1.0,0,0,1,0,1,0,1,0,0,0,1,0,0,0,0,0,0,0,0,0,1,0,0,0,0,1,0,1,0,1,0,1,0,1,0
-0.5,-0.3862280860292789,0.0,-0.5,0.5,-0.7857142857142857,1.0,-1.0,0.0,0,1,1,0,0,1,1,0,0,0,0,0,0,0,1,0,0,0,0,0,1,0,0,0,0,0,0,1,0,0,0,1,0,0,1
1.0,3.4959334899692753,0.0,-1.0,-1.0,0.07142857142857142,0.0,-1.0,0.0,1,1,0,1,0,0,0,0,1,0,0,0,0,0,0,0,0,1,0,0,1,0,0,1,0,0,0,1,1,0,0,1,0,1,0
-0.8333333333333334,0.3873124887041388,0.0,-1.0,0.5,0.42857142857142855,1.0,-1.0,0.0,0,0,1,1,0,0,1,0,0,0,1,0,0,0,0,0,0,0,0,0,1,0,0,0,0,1,0,1,0,1,0,1,0,1,0
0.0,0.6645581059099945,0.0,-0.5,-0.5,0.21428571428571427,1.0,0.0,1.0,0,1,0,0,0,1,0,0,0,1,0,0,1,0,0,0,0,0,0,0,1,0,0,0,0,1,0,1,0,0,1,0,1,1,0
1.0,0.28248689680101213,0.0,-0.5,0.5,-0.14285714285714285,0.0,-1.0,0.0,0,1,0,1,0,0,0,0,1,0,0,0,0,0,1,0,0,0,0,0,1,0,0,1,0,0,0,1,0,0,0,1,0,1,0
2.25,3.430146394361106,0.0,-0.5,0.5,-0.2857142857142857,1.0,0.0,0.0,0,1,0,1,0,0,0,0,0,1,0,0,1,0,0,0,0,0,0,0,1,0,0,0,0,1,0,1,0,0,1,1,0,0,1
-0.75,-0.23730345201518163,0.0,0.5,-0.5,-0.7857142857142857,0.0,0.0,0.0,1,1,0,0,0,0,0,0,1,0,0,0,0,0,0,0,1,0,0,0,1,0,0,0,0,0,0,1,0,0,1,1,0,1,0
1.5,0.4046629315018977,0.0,0.5,-0.5,0.6428571428571429,0.0,0.0,1.0,0,1,0,1,0,0,0,0,1,0,0,0,0,0,1,0,0,0,0,0,1,0,0,0,0,1,0,1,0,0,1,1,0,1,0
-1.0,-0.594071932044099,0.0,-0.5,-1.0,-0.2857142857142857,0.0,0.0,0.0,0,1,1,0,1,0,0,1,0,0,0,0,0,0,0,0,1,0,0,0,1,0,0,0,0,0,0,1,0,0,0,0,0,1,0
0.0,3.849448761973613,1.0,0.0,0.5,0.35714285714285715,0.0,-1.0,0.0,1,1,0,0,0,0,0,0,1,0,0,1,0,0,0,0,0,0,0,0,1,0,0,0,0,0,0,1,1,0,0,1,0,0,0
-0.25,1.6350984999096332,1.0,-1.0,-0.5,0.07142857142857142,0.0,-1.0,1.0,1,1,0,0,0,0,0,0,0,0,1,0,0,0,0,0,0,0,0,0,0,0,0,0,0,1,0,1,0,0,0,1,0,1,0
-0.25,0.012109163202602566,0.0,-0.5,-0.5,0.21428571428571427,0.0,0.0,0.0,1,1,1,0,1,0,1,0,0,0,0,1,0,0,0,0,0,0,0,1,0,0,0,0,0,1,0,1,0,0,1,1,0,1,0
2.0,2.0081330200614493,0.0,-0.5,0.5,0.8571428571428571,0.0,0.0,1.0,0,1,1,1,0,0,0,0,1,0,0,0,0,0,1,0,0,0,0,0,1,0,0,0,0,1,1,0,0,0,0,1,0,0,0
0.0,-0.1386228086029279,0.0,0.5,0.5,-0.7142857142857143,0.0,0.0,0.0,0,1,0,0,0,1,0,0,1,0,0,0,0,0,0,0,0,1,0,0,1,0,0,0,0,0,0,1,0,1,0,1,0,1,0
0.75,2.272365805168986,0.0,-0.5,-0.5,-0.42857142857142855,1.0,0.0,0.0,0,1,1,0,0,1,0,1,0,0,0,1,0,0,0,0,0,0,0,0,0,1,0,0,0,1,0,1,0,0,1,1,0,1,0
3.5,1.4319537321525393,0.0,0.5,0.5,0.6428571428571429,0.0,0.0,0.0,0,1,0,0,0,0,0,0,1,0,0,0,0,1,0,0,0,0,0,0,1,0,0,0,0,1,0,1,1,0,0,1,0,0,0
1.5,3.090005422013374,0.0,-0.5,-0.5,0.8571428571428571,1.0,0.0,1.0,1,1,1,0,0,1,0,1,0,0,1,0,0,0,0,0,0,0,0,0,1,0,0,0,0,1,0,1,0,0,1,1,0,1,0
0.5,0.8185432857401048,0.0,-0.5,0.0,1.5,2.0,-1.0,0.0,1,1,0,0,0,1,0,0,1,0,0,0,1,0,0,0,0,0,0,0,0,1,0,0,0,1,0,1,0,0,0,1,0,1,0
-0.5,-0.1172962226640159,0.0,0.0,0.5,-0.21428571428571427,0.0,0.0,1.0,1,1,1,0,0,0,0,0,1,0,1,0,0,0,0,0,0,0,0,0,1,0,0,0,0,1,0,1,0,0,0,1,0,0,1
-0.75,0.02873667088378818,1.0,-0.5,0.0,-0.14285714285714285,0.0,-1.0,0.0,0,1,1,0,0,1,1,0,0,0,0,0,0,0,1,0,0,0,0,0,1,0,0,0,0,1,0,1,0,0,1,1,0,1,0
-0.5,-0.20187963130309056,0.0,0.0,-0.5,-0.6428571428571429,0.0,-1.0,0.0,0,1,1,0,0,1,0,0,1,0,0,0,0,0,1,0,0,0,0,0,1,0,0,0,0,1,0,1,0,1,0,1,0,0,1
1.5,0.15163564070124708,0.0,0.5,0.5,-0.14285714285714285,0.0,0.0,0.0,0,1,0,1,0,0,0,0,0,0,0,0,0,0,1,0,0,0,0,0,1,0,0,0,0,1,0,1,0,0,1,0,0,1,0
1.0,0.6949213808060727,1.0,0.5,-0.5,-0.35714285714285715,1.0,-1.0,0.0,0,1,0,0,0,0,1,0,0,0,1,0,0,0,0,0,0,0,0,0,1,0,0,0,1,0,0,1,0,0,1,1,0,1,0
-0.3333333333333333,-0.33128501716970904,0.0,-1.0,-0.5,0.14285714285714285,0.0,0.0,0.0,1,1,1,0,0,0,0,0,1,0,0,0,1,0,0,0,0,0,0,1,0,0,0,0,1,0,0,1,0,1,0,1,0,1,0
-0.5,-0.5781673594794867,0.0,0.5,0.0,0.0,0.0,-1.0,0.0,1,1,0,1,0,0,0,0,1,0,0,0,0,0,0,0,1,0,0,0,0,0,0,0,1,0,0,1,1,0,0,1,0,1,0
-0.6666666666666666,-0.3283932767034159,0.0,0.0,-0.5,0.14285714285714285,0.0,-1.0,0.0,0,0,1,0,0,1,0,0,1,0,1,0,0,0,0,0,0,0,0,0,0,0,0,0,0,1,0,1,0,1,0,1,0,0,1
-0.5,0.15741912163383337,0.0,-1.0,-0.5,-0.5714285714285714,0.0,0.0,0.0,1,1,0,0,0,0,0,0,1,0,0,0,0,0,1,0,0,0,0,0,0,0,1,0,0,0,0,1,0,0,0,0,0,1,0
1.75,4.284294234592445,0.0,0.5,0.5,-0.21428571428571427,1.0,-1.0,0.0,1,1,1,1,0,0,1,0,0,0,0,0,0,0,1,0,0,0,0,0,0,0,1,0,0,1,0,1,0,0,0,1,0,1,0
0.5,-0.1404301463943611,0.0,0.5,0.0,-0.07142857142857142,0.0,0.0,0.0,0,1,0,1,0,0,0,0,1,0,0,0,0,0,0,0,1,0,0,0,1,0,0,1,0,0,0,1,0,0,0,1,0,1,0
-0.5,-0.5503343574914151,0.0,0.5,0.5,0.35714285714285715,0.0,0.0,0.0,0,1,1,0,0,1,0,0,1,0,0,0,0,0,0,0,1,0,0,0,1,0,0,0,0,1,0,1,0,0,1,1,0,1,0
-0.5,0.909633110428339,0.0,0.0,0.5,0.7142857142857143,1.0,0.0,0.0,1,1,0,1,0,0,1,0,0,0,1,0,0,0,0,0,0,0,0,0,1,0,0,0,0,1,0,0,0,0,0,1,0,0,1
0.5,1.151093439363817,0.0,0.5,-1.0,-0.5714285714285714,0.0,0.0,0.0,0,1,1,0,0,1,0,0,1,0,0,0,0,0,1,0,0,0,0,0,0,0,0,0,0,1,0,1,0,0,1,0,1,1,0
0.25,0.47912524850894633,0.0,-0.5,0.0,-0.42857142857142855,1.0,0.0,0.0,0,1,1,0,0,0,1,0,0,0,0,0,1,0,0,0,0,0,0,0,1,0,0,0,0,1,0,1,0,0,0,1,0,1,0
-1.0,-0.3996023856858847,0.0,-1.0,-0.5,-0.42857142857142855,1.0,0.0,0.0,0,1,1,0,0,1,1,0,0,0,0,0,0,0,1,0,0,0,0,0,0,0,1,0,1,0,0,1,0,0,0,1,0,1,0
1.0,0.5441894090005422,0.0,-0.5,-1.0,-0.7857142857142857,0.0,0.0,0.0,0,1,1,0,0,0,0,0,1,0,0,0,0,0,1,0,0,0,0,0,1,0,0,0,1,0,0,1,0,0,0,1,0,1,0
-0.75,-0.30670522320621724,0.0,0.5,-0.5,-0.7857142857142857,0.0,0.0,0.0,0,1,0,0,0,1,0,0,1,0,0,0,0,0,0,0,1,0,0,0,1,0,0,0,0,1,0,1,0,0,1,1,0,1,0
2.5,2.853967106452196,0.0,0.5,0.0,0.2857142857142857,0.0,0.0,0.0,1,1,1,0,0,1,0,0,1,0,0,0,0,0,0,0,1,0,0,0,0,0,1,0,0,1,0,1,0,0,1,0,1,1,0
1.5,-0.0012651364540032532,0.0,0.5,0.5,-0.6428571428571429,0.0,0.0,0.0,0,1,1,0,0,0,0,0,1,0,0,0,0,0,0,0,1,0,0,0,1,0,0,0,0,1,0,1,0,0,1,1,0,0,1
0.0,0.16211819989155973,0.0,-0.5,-0.5,-0.14285714285714285,1.0,0.0,0.0,0,1,0,0,0,1,1,0,0,0,1,0,0,0,0,0,0,0,0,0,1,0,0,0,0,1,0,1,0,0,0,0,0,1,0
0.5,0.011747695644315923,1.0,-1.0,-1.0,0.0,0.0,0.0,0.0,0,1,0,1,0,0,0,0,1,0,0,0,0,0,1,0,0,0,0,0,0,0,0,1,0,0,0,1,0,0,0,1,0,1,0
0.5,0.5947948671606723,0.0,-0.5,0.5,-0.5714285714285714,0.0,0.0,0.0,1,1,1,0,0,1,0,0,1,0,0,0,0,0,1,0,0,0,0,0,1,0,0,0,0,0,0,1,0,0,0,1,0,0,1
0.5,0.242002530272908,0.0,-0.5,0.5,-0.9285714285714286,0.0,0.0,0.0,0,1,0,1,0,0,0,0,1,0,0,0,0,0,1,0,0,0,0,0,0,0,1,0,1,0,0,1,0,0,1,1,0,1,0
-1.1666666666666667,0.38080607265497923,0.0,-1.0,-1.0,0.2857142857142857,0.0,0.0,1.0,0,1,1,0,0,1,1,0,0,0,1,0,0,0,0,0,0,0,0,0,1,0,0,0,0,0,0,1,0,1,0,1,0,1,0
0.5,-0.3197180553045364,0.0,0.5,0.5,-0.7142857142857143,1.0,0.0,0.0,0,1,0,1,0,0,0,0,1,0,1,0,0,0,0,0,0,0,0,0,1,0,0,0,0,0,0,1,0,0,1,1,0,0,1
-0.5,-0.32622447135369603,0.0,0.5,0.0,-0.5,0.0,0.0,0.0,0,1,1,0,0,0,1,0,0,0,0,0,0,0,0,0,0,0,0,0,1,0,0,0,0,1,0,1,0,0,0,1,0,1,0
3.0,2.569853605638894,0.0,-0.5,-0.5,0.42857142857142855,0.0,-1.0,1.0,0,1,1,0,0,1,0,0,0,1,0,1,0,0,0,0,0,0,0,0,0,0,1,0,0,1,0,1,0,0,0,1,0,1,0
0.5,0.0023495391288631843,0.0,0.5,-0.5,-0.2857142857142857,0.0,-1.0,0.0,0,1,1,0,0,0,0,1,0,0,0,0,0,0,1,0,0,0,0,0,0,0,1,0,0,1,0,1,0,0,0,0,0,1,0
0.75,0.06994397252846557,0.0,0.5,-0.5,-0.7142857142857143,1.0,-1.0,0.0,0,1,0,0,0,0,1,0,0,0,0,0,0,0,0,0,1,0,0,1,0,0,0,0,0,1,0,1,0,0,0,1,0,1,0
0.0,-0.45960600036146754,0.0,0.5,-1.0,-0.21428571428571427,1.0,0.0,0.0,0,1,1,0,0,1,1,0,0,0,1,0,0,0,0,0,0,0,0,0,1,0,0,0,0,0,0,1,0,0,0,1,0,1,0
1.5,0.13934574371950117,0.0,-0.5,-0.5,0.5714285714285714,0.0,0.0,1.0,0,1,0,1,0,0,0,0,1,0,0,0,0,0,1,0,0,0,0,0,1,0,0,0,0,1,0,1,0,0,0,0,0,1,0
-1.0,-0.09524670160853063,0.0,0.5,0.0,-0.21428571428571427,0.0,-1.0,0.0,1,1,1,0,0,0,0,0,1,0,0,0,0,0,0,0,1,0,0,0,1,0,0,0,1,0,0,1,0,0,1,1,0,0,1
0.5,1.122898969817459,1.0,-0.5,0.5,-0.5,0.0,-1.0,0.0,1,1,1,0,0,1,0,0,1,0,0,1,0,0,0,0,0,0,0,0,0,0,1,0,0,0,0,1,0,0,0,1,0,0,1
-0.5,0.40502439906018434,0.0,0.5,0.0,0.14285714285714285,0.0,-1.0,1.0,0,1,1,0,0,1,0,0,0,0,0,0,0,0,0,0,0,0,1,1,0,0,0,0,0,0,0,1,0,1,0,1,0,1,0
-1.0,-0.5040665100307248,0.0,0.0,-0.5,-0.6428571428571429,0.0,0.0,0.0,0,1,1,0,0,1,0,1,0,0,0,0,0,0,0,0,1,0,0,0,1,0,0,0,0,0,0,1,0,1,0,1,0,1,0
1.5,0.12452557382974878,0.0,0.5,0.5,1.2142857142857142,0.0,0.0,0.0,0,1,0,0,0,0,0,0,1,0,0,0,0,0,0,0,1,0,0,0,0,0,0,0,0,0,0,0,1,0,0,1,0,0,0
0.0,1.8245075004518345,1.0,0.5,0.5,0.5,1.0,-1.0,0.0,1,1,1,0,0,0,1,0,0,0,0,0,0,0,1,0,0,0,0,0,1,0,0,0,0,1,0,1,0,0,0,0,1,1,0
0.0,-0.46936562443520696,0.0,0.5,0.0,0.21428571428571427,1.0,0.0,0.0,0,1,1,0,0,1,1,0,0,0,1,0,0,0,0,0,0,0,0,0,1,0,0,0,0,0,0,1,0,1,0,1,0,1,0
1.5,0.007771552503162841,0.0,0.0,-0.5,0.9285714285714286,1.0,0.0,0.0,1,1,1,1,0,0,1,0,0,0,0,0,0,0,1,0,0,0,0,0,1,0,0,0,1,0,0,1,0,0,0,1,0,1,0
0.25,-0.2727272727272727,0.0,0.5,0.5,0.21428571428571427,0.0,-1.0,0.0,0,1,1,0,0,1,0,0,1,0,0,0,1,0,0,0,0,0,0,0,0,1,0,0,0,0,0,1,0,1,0,0,0,1,0
0.5,-0.4046629315018977,0.0,0.5,0.5,-0.6428571428571429,0.0,0.0,0.0,0,1,0,1,0,0,0,0,1,0,1,0,0,0,0,0,0,0,0,0,1,0,0,0,0,0,0,1,0,0,0,1,0,0,1
2.0,0.38586661847099224,1.0,0.5,0.5,2.2857142857142856,1.0,-1.0,0.0,0,1,1,1,0,0,1,0,0,0,0,0,0,0,0,0,0,1,0,0,1,0,0,0,0,1,0,0,0,0,1,1,0,1,0
-0.3333333333333333,0.595156334718959,1.0,-1.0,0.5,-0.7857142857142857,0.0,0.0,0.0,0,1,1,1,0,0,0,0,1,0,1,0,0,0,0,0,0,0,0,0,1,0,0,0,0,1,0,1,1,0,0,1,0,0,0
-0.25,0.590095788902946,0.0,0.0,-0.5,-0.2857142857142857,0.0,0.0,0.0,1,1,0,1,0,0,0,0,1,0,1,0,0,0,0,0,0,0,0,0,1,0,0,0,0,0,0,1,0,0,0,1,0,1,0
1.75,0.08765588288451112,0.0,0.5,0.5,-0.6428571428571429,0.0,0.0,0.0,0,1,1,0,0,1,0,0,1,0,0,1,0,0,0,0,0,0,0,1,0,0,0,0,0,1,0,1,0,0,1,1,0,1,0
-0.25,-0.2871859750587385,0.0,0.5,0.0,-0.14285714285714285,0.0,0.0,0.0,0,1,1,0,0,1,1,0,0,0,0,0,0,1,0,0,0,0,0,0,0,0,0,0,0,0,0,1,0,0,1,1,0,1,0
-0.5,-0.10789806614856316,0.0,0.5,-0.5,-0.21428571428571427,0.0,0.0,0.0,0,1,1,0,0,0,0,0,1,0,0,1,0,0,0,0,0,0,0,0,0,0,1,0,0,1,0,1,0,0,1,1,0,1,0
0.5,-0.02584493041749503,0.0,0.5,-1.0,1.5,0.0,0.0,0.0,0,1,1,0,0,1,0,0,1,0,1,0,0,0,0,0,0,0,0,0,0,0,1,0,0,1,0,1,0,0,0,1,0,1,0
-0.5,-0.28357129947587206,0.0,-0.5,0.5,0.21428571428571427,0.0,0.0,0.0,1,1,1,0,0,1,0,0,1,0,0,0,1,0,0,0,0,0,0,0,1,0,0,0,0,1,0,1,0,0,1,1,0,1,0
0.5,-0.008494487619736129,0.0,0.5,-1.0,0.8571428571428571,0.0,0.0,0.0,0,1,0,1,0,0,0,0,1,0,1,0,0,0,0,0,0,0,0,0,1,0,0,0,0,1,0,0,0,1,0,1,0,1,0
0.5,-0.09488523405024399,1.0,0.0,-0.5,0.07142857142857142,0.0,-1.0,0.0,1,1,0,0,0,0,0,1,0,0,0,0,0,0,1,0,0,0,0,0,1,0,0,0,0,0,0,1,0,0,0,1,0,1,0
-1.0,-0.4624977408277607,0.0,-0.5,0.5,1.2142857142857142,0.0,-1.0,0.0,0,1,1,0,1,0,1,0,0,0,0,0,0,1,0,0,0,0,0,0,1,0,0,0,0,0,0,1,0,0,0,1,0,1,0
0.5,-0.3894812940538587,0.0,0.5,-0.5,-0.35714285714285715,0.0,0.0,0.0,0,1,1,0,0,1,0,0,1,0,1,0,0,0,0,0,0,0,0,0,1,0,0,0,1,0,0,1,0,1,0,1,0,1,0
-1.0,-0.0891017531176577,0.0,-1.0,-0.5,-0.6428571428571429,0.0,0.0,0.0,0,1,1,0,0,1,1,0,0,0,1,0,0,0,0,0,0,0,0,1,0,0,0,0,1,0,0,1,0,0,1,1,0,1,0
-0.9166666666666666,-0.5770829568046267,0.0,0.5,-0.5,0.9285714285714286,1.0,-1.0,0.0,1,1,1,0,0,1,1,0,0,0,0,0,0,0,0,0,1,0,0,0,0,0,1,0,0,1,0,1,0,0,0,1,0,0,1
2.5,1.5740104825591903,0.0,0.5,0.5,0.35714285714285715,0.0,0.0,1.0,1,1,1,0,0,0,0,1,0,0,0,0,1,0,0,0,0,0,0,0,0,0,1,0,0,1,0,1,1,0,0,1,0,0,0
-0.5,-0.18886679920477137,0.0,0.0,0.5,0.7857142857142857,0.0,0.0,0.0,0,1,1,0,0,0,1,0,0,0,0,1,0,0,0,0,0,0,0,0,0,0,0,0,0,1,0,1,0,0,0,1,0,1,0
1.5,1.7352250135550333,0.0,-0.5,0.5,-0.7142857142857143,1.0,0.0,0.0,1,1,0,0,0,1,1,0,0,0,0,0,0,0,1,0,0,0,0,0,1,0,0,0,0,0,0,1,0,0,0,1,0,0,1
-1.0,-0.13356226278691488,0.0,-1.0,0.5,-0.14285714285714285,0.0,0.0,0.0,0,1,1,1,0,0,1,0,0,0,0,0,0,0,0,0,1,0,0,0,1,0,0,0,0,0,0,1,0,0,1,1,0,1,0
1.5,2.074281583227905,0.0,0.0,-0.5,-0.5714285714285714,1.0,-1.0,0.0,1,1,0,1,0,0,1,0,0,0,0,0,0,1,0,0,0,0,0,0,1,0,0,0,0,0,0,1,1,0,0,1,0,1,0
0.5,0.05656967287185975,0.0,0.5,0.5,-0.7857142857142857,0.0,0.0,0.0,1,1,1,1,0,0,0,0,0,0,0,0,0,0,1,0,0,0,0,1,0,0,0,0,0,1,0,1,0,1,0,0,1,1,0
0.5,0.3283932767034159,0.0,0.0,-0.5,-0.5,0.0,-1.0,0.0,1,1,1,0,0,1,0,0,1,0,0,0,0,0,0,0,1,0,0,1,0,0,0,1,0,0,0,1,0,0,1,1,0,1,0
1.0,1.5960600036146755,0.0,-0.5,0.0,0.21428571428571427,1.0,0.0,0.0,0,1,1,0,0,1,1,0,0,0,0,0,0,0,0,0,1,0,0,0,0,0,1,0,0,1,0,1,0,0,0,1,0,1,0
-0.75,-0.49430688595698535,0.0,-1.0,-0.5,-0.2857142857142857,0.0,0.0,0.0,0,0,0,0,0,0,0,0,1,0,0,0,0,0,1,0,0,0,0,0,1,0,0,0,0,0,0,1,0,0,1,1,0,1,0
-0.25,0.8424001445870233,0.0,0.0,-0.5,-0.21428571428571427,0.0,0.0,0.0,1,1,1,0,0,1,0,0,1,0,0,1,0,0,0,0,0,0,0,0,1,0,0,0,0,1,0,1,0,0,1,1,0,1,0
1.0,0.7061268751129586,0.0,0.5,0.5,-0.5,1.0,-1.0,0.0,0,1,0,0,0,0,0,0,0,1,0,0,1,0,0,0,0,0,0,0,0,0,0,0,0,0,0,1,0,0,1,1,0,0,1
-1.0,-0.07898066148563167,0.0,-0.5,-0.5,-0.2857142857142857,0.0,0.0,0.0,0,1,1,0,0,1,0,0,1,0,0,0,0,0,0,0,1,0,0,0,1,0,0,0,1,0,0,1,0,1,0,1,0,0,1
0.5,-0.27995662389300563,0.0,0.0,-1.0,-0.07142857142857142,0.0,0.0,1.0,0,1,1,0,0,1,0,0,1,0,0,0,0,0,0,0,1,0,0,0,1,0,0,0,0,1,0,1,0,0,1,0,0,1,0
-0.8333333333333334,-0.5662389300560274,0.0,0.5,-0.5,0.7857142857142857,0.0,-1.0,0.0,0,1,1,0,0,0,0,0,1,0,0,0,0,0,0,0,1,0,0,0,1,0,0,0,0,0,1,0,0,1,0,1,0,1,0
-0.5,-0.21344659316826314,0.0,0.0,0.5,-0.14285714285714285,0.0,-1.0,0.0,0,1,1,0,0,1,0,0,1,0,0,0,0,0,1,0,0,0,0,0,1,0,0,0,0,0,0,1,0,1,0,1,0,1,0
1.5,0.5004518344478583,0.0,-0.5,-0.5,-0.42857142857142855,0.0,0.0,0.0,0,1,1,0,0,0,0,0,1,0,0,0,0,1,0,0,0,0,0,0,0,0,1,0,1,0,0,1,0,0,1,1,0,1,0
-0.25,0.5369600578348094,0.0,-1.0,0.5,-0.7142857142857143,0.0,0.0,0.0,1,1,1,0,0,1,0,0,1,0,0,1,0,0,0,0,0,0,0,0,0,0,0,0,0,0,0,1,0,0,1,1,0,1,0
-1.0,-0.5879269835532261,0.0,0.5,0.5,0.21428571428571427,1.0,0.0,0.0,0,1,1,0,0,1,1,0,0,0,0,0,0,0,0,0,1,0,0,0,0,0,1,0,0,1,0,1,1,0,0,1,0,0,0
0.5,-0.18199891559732514,1.0,0.5,-0.5,-0.21428571428571427,0.0,-1.0,1.0,0,1,0,1,0,0,0,0,1,0,0,0,0,0,0,0,1,0,0,0,1,0,0,0,0,1,0,1,0,0,1,0,1,1,0
-0.3333333333333333,-0.5510572926079884,0.0,0.5,-0.5,-0.42857142857142855,1.0,-1.0,0.0,0,1,1,0,0,1,0,1,0,0,1,0,0,0,0,0,0,0,0,0,1,0,0,0,0,1,0,1,0,0,1,1,0,1,0
0.5,0.18019157780589193,0.0,0.5,0.0,0.07142857142857142,1.0,0.0,1.0,1,1,1,0,0,0,1,0,0,0,0,0,1,0,0,0,0,0,0,0,0,0,1,0,0,1,0,1,1,0,0,1,0,1,0
1.0,1.4543647207663113,0.0,0.5,0.5,-0.14285714285714285,0.0,0.0,0.0,0,1,0,1,0,0,0,0,1,0,0,0,0,0,1,0,0,0,0,0,0,0,1,0,0,1,0,1,0,0,0,1,0,1,0
3.5,1.63003795409362,0.0,0.0,0.5,2.142857142857143,1.0,0.0,0.0,1,1,0,1,0,0,0,1,0,0,0,0,1,0,0,0,0,0,0,0,1,0,0,0,0,1,0,1,1,0,0,1,0,1,0
2.0,1.7522139887945056,0.0,0.5,0.0,-0.21428571428571427,0.0,-1.0,0.0,1,1,0,1,0,0,0,0,1,0,0,0,0,0,0,0,1,0,0,0,0,0,1,0,0,0,0,1,0,0,1,1,0,1,0
0.5,0.36815470811494666,0.0,0.5,-0.5,0.42857142857142855,0.0,-1.0,0.0,1,1,0,1,0,0,0,0,1,0,0,0,0,0,1,0,0,0,0,0,1,0,0,0,0,1,0,1,0,0,0,1,0,0,1
-0.5,-0.5911801915778059,0.0,0.5,0.0,0.14285714285714285,1.0,0.0,0.0,0,1,0,1,0,0,1,0,0,0,1,0,0,0,0,0,0,0,0,0,1,0,0,0,0,1,0,1,0,0,0,1,0,1,0
0.75,0.07283571299475872,0.0,0.5,-1.0,-0.07142857142857142,0.0,0.0,1.0,1,1,1,0,0,0,0,0,1,0,0,0,1,0,0,0,0,0,0,0,1,0,0,0,0,0,0,1,0,0,0,1,0,1,0
0.5,3.2537502259172237,0.0,-0.5,0.0,-0.2857142857142857,1.0,-1.0,0.0,1,1,0,0,0,0,0,0,1,0,0,0,0,0,0,1,0,0,0,0,1,0,0,0,0,1,0,0,0,0,1,0,0,1,0
0.5,-0.015362371227182361,0.0,0.5,-0.5,-0.35714285714285715,0.0,0.0,0.0,1,1,1,0,0,1,0,0,1,0,0,0,0,0,0,0,1,0,0,0,1,0,0,0,0,1,0,1,0,0,1,1,0,1,0
1.5,1.8371588649918669,0.0,0.0,-0.5,0.2857142857142857,1.0,0.0,0.0,0,1,1,0,0,1,0,0,1,0,0,0,1,0,0,0,0,0,0,0,0,0,1,0,0,1,0,1,0,0,0,1,0,1,0
1.5,3.1547081149466836,0.0,0.5,-0.5,-0.21428571428571427,0.0,-1.0,0.0,1,1,1,0,0,1,1,0,0,0,0,1,0,0,0,0,0,0,0,0,0,0,1,0,0,1,0,1,0,0,1,1,0,1,0
0.5,0.268389662027833,0.0,0.5,0.5,-0.21428571428571427,0.0,0.0,0.0,0,1,1,0,0,0,0,0,1,0,0,0,0,0,1,0,0,0,0,0,0,0,0,0,0,1,0,1,1,0,0,1,0,0,0
-0.8333333333333334,-0.5767214892463401,0.0,0.5,0.5,1.0,1.0,-1.0,0.0,0,1,1,1,0,0,1,0,0,0,1,0,0,0,0,0,0,0,0,0,1,0,0,0,0,1,0,1,0,1,0,1,0,1,0
1.5,3.637267305259353,0.0,-1.0,0.5,0.2857142857142857,0.0,0.0,0.0,1,1,0,0,0,0,0,0,1,0,1,0,0,0,0,0,0,0,0,0,0,0,1,0,0,1,0,1,1,0,0,1,0,0,0
-0.5,1.8599313211639255,1.0,-1.0,-0.5,-0.6428571428571429,0.0,-1.0,0.0,0,1,1,0,0,0,0,0,1,0,1,0,0,0,0,0,0,0,0,0,0,0,1,0,0,0,0,1,0,1,0,1,0,0,1
0.25,0.37249231881438644,0.0,0.5,-0.5,-0.2857142857142857,0.0,0.0,0.0,0,1,1,1,0,0,0,0,1,0,0,0,0,0,0,0,1,0,0,0,0,1,0,0,0,0,0,1,0,0,1,0,0,1,0
1.75,2.26332911621182,0.0,0.5,-0.5,0.8571428571428571,0.0,-1.0,0.0,1,1,1,0,0,1,0,0,1,0,0,1,0,0,0,0,0,0,0,0,0,0,0,0,0,1,0,1,0,0,1,1,0,1,0
-0.5,-0.4881619374661124,0.0,0.5,0.5,0.14285714285714285,1.0,0.0,0.0,0,1,1,0,0,1,1,0,0,0,0,0,0,0,0,0,1,0,0,0,0,0,1,0,0,1,0,1,0,0,1,1,0,1,0
0.5,-0.10645219591541659,0.0,0.5,0.5,1.9285714285714286,1.0,0.0,0.0,1,1,1,0,0,1,0,1,0,0,1,0,0,0,0,0,0,0,0,0,1,0,0,0,0,1,0,1,1,0,0,1,0,0,0
0.0,0.12127236580516898,0.0,0.5,0.0,-0.07142857142857142,0.0,0.0,0.0,0,0,1,0,0,1,0,0,1,0,1,0,0,0,0,0,0,0,0,0,0,0,1,0,0,1,0,1,0,0,0,1,0,1,0
-1.0,-0.7505873847822158,0.0,-0.5,-0.5,0.5714285714285714,1.0,-1.0,0.0,0,1,1,0,0,1,1,0,0,0,1,0,0,0,0,0,0,0,0,0,0,1,0,0,0,0,0,1,0,1,0,0,0,1,0
-0.5,0.42382071209108985,0.0,0.0,-0.5,-0.2857142857142857,1.0,0.0,0.0,0,1,0,1,0,0,1,0,0,0,1,0,0,0,0,0,0,0,0,0,1,0,0,0,0,0,0,0,0,1,0,1,0,1,0
0.0,0.28104102656786556,0.0,0.0,-1.0,-0.14285714285714285,0.0,0.0,0.0,1,1,1,1,0,0,0,0,0,1,0,0,1,0,0,0,0,0,0,0,1,0,0,0,0,1,0,1,0,0,0,0,0,1,0
1.5,0.5340683173685161,0.0,0.5,-1.0,0.6428571428571429,0.0,0.0,0.0,1,1,0,0,0,0,0,0,0,1,0,0,0,0,0,0,1,0,0,0,1,0,0,0,0,0,0,1,0,0,1,1,0,1,0
0.25,1.0560274715344298,0.0,-1.0,0.0,-0.5,0.0,0.0,0.0,0,1,1,0,0,1,0,0,1,0,0,1,0,0,0,0,0,0,0,0,0,0,1,0,0,1,0,1,0,0,1,1,0,1,0
-0.5,-0.28935478040845836,0.0,0.5,0.5,2.357142857142857,1.0,-1.0,0.0,0,1,1,1,0,0,1,0,0,0,0,1,0,0,0,0,0,0,0,0,1,0,0,0,0,1,0,1,1,0,0,1,0,0,0
3.5,4.502259172239292,0.0,0.0,0.5,1.9285714285714286,1.0,-1.0,0.0,1,1,0,0,0,0,0,0,0,0,0,0,0,0,0,1,0,0,0,0,0,0,0,0,0,0,0,1,1,0,0,0,0,0,0
-1.0,-0.20260256641966384,0.0,-1.0,-0.5,-0.8571428571428571,0.0,0.0,0.0,0,1,1,0,0,1,0,0,1,0,0,0,0,0,1,0,0,0,0,0,1,0,0,0,1,0,0,1,0,0,0,1,0,0,1
2.5,3.7673956262425445,0.0,0.5,-1.0,0.2857142857142857,0.0,-1.0,0.0,1,1,1,0,0,1,0,1,0,0,0,0,0,0,0,0,1,0,0,1,0,0,0,0,0,1,0,1,0,0,1,1,0,1,0
-0.5,-0.3045364178564974,0.0,-0.5,-1.0,-0.5714285714285714,0.0,0.0,0.0,1,1,0,0,0,0,0,0,1,0,0,0,0,0,0,0,1,0,0,0,0,0,1,0,1,0,0,1,0,1,0,1,0,1,0
2.5,1.00108440267486,0.0,-0.5,0.0,-0.21428571428571427,0.0,-1.0,0.0,1,1,0,0,0,0,1,0,0,0,0,0,0,0,1,0,0,0,0,0,1,0,0,0,0,0,0,1,0,0,1,1,0,1,0
-0.6666666666666666,-0.5781673594794867,0.0,0.5,0.5,0.9285714285714286,0.0,0.0,0.0,1,1,1,0,0,1,0,0,1,0,0,0,0,1,0,0,0,0,0,1,0,0,0,0,0,1,0,1,1,0,0,1,0,0,0
0.5,0.625519609615037,0.0,0.0,0.0,0.7142857142857143,0.0,0.0,0.0,1,1,0,0,0,0,0,0,1,0,0,0,0,0,1,0,0,0,0,0,1,0,0,1,0,0,0,1,0,0,1,1,0,1,0
0.5,0.2510392192300741,0.0,-0.5,-0.5,-0.6428571428571429,0.0,-1.0,0.0,0,1,1,1,0,0,0,0,1,0,0,0,0,0,1,0,0,0,0,0,1,0,0,1,0,0,0,1,0,1,0,1,0,0,1
2.5,0.8236038315561178,0.0,0.0,0.5,-0.6428571428571429,1.0,0.0,1.0,0,1,0,1,0,0,0,0,0,1,0,1,0,0,0,0,0,0,0,0,1,0,0,0,0,1,0,1,1,0,0,1,0,0,0
-0.75,-0.34718958973432135,0.0,0.0,0.5,-0.7857142857142857,0.0,0.0,0.0,0,1,0,1,0,0,0,0,1,0,0,0,0,0,0,0,1,0,0,0,1,0,0,0,0,0,0,1,0,0,0,1,0,0,1
0.0,-0.08187240195192481,0.0,0.5,-0.5,0.2857142857142857,0.0,0.0,0.0,0,1,0,0,1,0,0,0,1,0,0,0,0,0,0,0,1,0,0,0,1,0,0,0,0,1,0,0,0,1,0,0,1,1,0
0.5,0.07645038857762516,0.0,0.5,0.5,1.0,1.0,-1.0,1.0,0,1,0,0,0,1,0,1,0,0,1,0,0,0,0,0,0,0,0,0,1,0,0,0,0,1,0,1,0,0,1,1,0,1,0
-0.5,-0.5973251400686789,0.0,0.5,-1.0,-0.9285714285714286,0.0,0.0,0.0,0,1,0,1,0,0,0,0,1,0,0,0,0,0,0,0,1,0,0,0,0,0,0,0,1,0,0,1,0,0,0,1,0,1,0
-0.25,0.4444243629134285,0.0,0.0,-0.5,-0.2857142857142857,0.0,0.0,0.0,0,1,1,0,0,1,0,0,1,0,1,0,0,0,0,0,0,0,0,0,0,0,1,0,0,1,0,1,1,0,0,1,0,1,0
-0.5,-0.32622447135369603,0.0,0.0,0.5,1.5714285714285714,0.0,-1.0,0.0,1,1,1,0,1,0,0,0,1,0,0,0,0,0,1,0,0,0,0,0,0,0,1,0,0,0,0,1,0,1,0,1,0,1,0
-1.0,-0.28501716970901864,0.0,-1.0,-0.5,1.6428571428571428,0.0,0.0,0.0,0,1,1,0,0,1,0,0,1,0,0,0,0,1,0,0,0,0,0,0,1,0,0,0,0,0,0,1,1,0,0,1,0,1,0
-0.75,-0.40755467196819084,0.0,0.5,0.5,2.4285714285714284,1.0,-1.0,0.0,1,1,1,0,0,0,0,0,1,0,0,0,0,1,0,0,0,0,0,0,1,0,0,0,0,0,0,1,0,0,0,1,0,1,0
1.5,0.0037954093620097594,0.0,0.5,0.5,0.21428571428571427,0.0,0.0,0.0,0,1,1,0,0,0,1,0,0,0,0,0,0,0,0,0,1,0,0,0,1,0,0,0,0,1,0,1,0,1,0,1,0,1,0
-0.5,0.24959334899692753,0.0,0.0,-1.0,0.07142857142857142,0.0,-1.0,0.0,0,1,1,0,0,0,0,0,1,0,0,0,0,0,1,0,0,0,0,0,1,0,0,0,0,0,0,1,0,1,0,1,0,0,1
0.0,0.06813663473703235,0.0,0.0,0.5,0.7142857142857143,0.0,0.0,0.0,1,1,1,0,0,1,0,0,1,0,0,0,0,0,1,0,0,0,0,0,1,0,0,0,0,1,0,1,0,1,0,1,0,1,0
0.0,0.4567142598951744,1.0,0.0,0.0,0.5,2.0,-1.0,1.0,1,1,1,0,0,0,1,0,0,0,0,0,1,0,0,0,0,0,0,0,1,0,0,0,1,0,0,1,0,0,1,1,0,1,0
2.25,0.8745707572745346,0.0,0.5,-0.5,-0.5714285714285714,1.0,-1.0,0.0,0,1,0,0,0,0,1,0,0,0,0,0,0,0,0,0,1,0,0,0,1,0,0,0,0,1,0,1,0,0,0,1,0,1,0
0.5,0.5174408096873305,1.0,-1.0,0.5,-0.7142857142857143,0.0,-1.0,0.0,0,1,1,0,0,0,0,0,1,0,0,0,0,0,0,0,1,0,0,1,0,0,0,0,0,0,0,1,1,0,0,1,0,0,1
-0.5,0.09054762335080427,0.0,-0.5,-1.0,0.6428571428571429,0.0,0.0,0.0,0,1,1,1,0,0,0,0,1,0,0,0,0,0,1,0,0,0,0,0,1,0,0,1,0,0,0,1,0,0,1,1,0,1,0
2.5,1.6018434845472618,0.0,0.0,-0.5,-0.14285714285714285,0.0,0.0,0.0,1,1,0,1,0,0,0,0,1,0,0,0,0,0,0,0,1,0,0,0,1,0,0,0,0,0,0,1,0,0,1,1,0,1,0
-0.5,-0.6294957527561902,0.0,0.5,0.5,-0.9285714285714286,1.0,0.0,0.0,0,1,1,0,0,0,0,1,0,0,0,0,0,0,0,0,1,0,0,0,1,0,0,0,1,0,0,0,0,1,0,1,0,0,1
0.0,0.558648111332008,1.0,-0.5,0.5,2.4285714285714284,0.0,0.0,0.0,1,1,1,0,0,0,0,0,1,0,0,0,0,0,0,0,0,1,0,0,1,0,0,0,0,0,0,1,0,0,1,1,0,1,0
0.0,0.0363274896078077,0.0,0.5,-0.5,0.6428571428571429,1.0,0.0,0.0,0,1,1,0,0,0,0,1,0,0,0,0,1,0,0,0,0,0,0,0,0,0,1,0,0,1,0,1,0,0,0,1,0,1,0
-0.4166666666666667,-0.3316464847279957,1.0,-0.5,0.5,2.2142857142857144,0.0,0.0,0.0,0,1,1,0,0,1,0,0,1,0,0,0,0,0,0,0,1,0,0,0,0,0,0,0,0,0,0,1,0,1,0,1,0,1,0
-0.5,-0.15994939454183987,0.0,0.5,0.5,0.42857142857142855,0.0,-1.0,0.0,1,1,1,0,0,1,0,0,1,0,1,0,0,0,0,0,0,0,0,0,1,0,0,0,0,1,0,1,0,0,1,1,0,1,0
1.5,1.2707392011566963,0.0,-0.5,-0.5,0.14285714285714285,1.0,0.0,1.0,1,1,1,0,0,1,1,0,0,0,0,1,0,0,0,0,0,0,0,0,1,0,0,0,0,1,0,1,0,0,0,1,0,1,0
0.75,0.3938189047532984,0.0,0.0,-0.5,-0.42857142857142855,0.0,-1.0,0.0,0,1,1,1,0,0,0,0,1,0,0,0,0,0,0,0,1,0,0,0,1,0,0,0,0,1,0,1,0,0,1,1,0,1,0
0.5,-0.1718778239652991,0.0,0.5,-0.5,0.0,1.0,0.0,0.0,1,1,1,0,0,1,1,0,0,0,0,0,0,0,0,0,1,0,0,0,1,0,0,0,1,0,1,0,0,0,1,1,0,1,0
0.0,-0.03198987890836798,0.0,-0.5,-1.0,-0.5714285714285714,1.0,0.0,0.0,0,1,1,0,0,1,1,0,0,0,0,0,0,0,0,0,1,0,0,0,1,0,0,0,0,0,0,1,0,0,1,1,0,1,0
0.5,-0.3435749141514549,0.0,0.5,-1.0,-0.35714285714285715,0.0,0.0,0.0,0,1,1,0,0,1,0,0,1,0,0,0,0,0,0,0,1,0,0,1,0,0,0,0,0,0,0,1,0,0,1,1,0,1,0
0.0,0.1635640701247063,0.0,-1.0,0.0,-0.8571428571428571,0.0,0.0,0.0,1,1,1,0,0,0,0,0,1,0,0,1,0,0,0,0,0,0,0,0,1,0,0,0,1,0,0,1,0,0,1,1,0,0,1
-1.0,-0.4039399963853244,1.0,0.5,0.5,1.0,0.0,-1.0,0.0,1,1,0,0,0,0,0,1,0,0,1,0,0,0,0,0,0,0,0,0,1,0,0,0,0,1,0,1,0,0,0,1,0,1,0
2.5,2.226820892824869,0.0,-1.0,-0.5,-0.6428571428571429,0.0,0.0,0.0,0,1,1,0,0,0,0,0,1,0,1,0,0,0,0,0,0,0,0,0,0,0,1,0,0,0,0,1,0,0,1,1,0,1,0
0.5,0.9967467919754202,0.0,-0.5,0.5,0.6428571428571429,0.0,0.0,0.0,1,1,1,0,0,0,0,0,1,0,0,0,0,0,0,0,1,0,0,0,0,0,1,0,0,0,0,1,0,0,1,1,0,1,0
0.5,-0.28682450750045185,0.0,0.5,0.0,0.35714285714285715,0.0,0.0,0.0,1,1,1,0,0,1,0,0,1,0,0,0,0,0,0,0,1,0,0,0,1,0,0,0,0,0,0,1,0,0,1,0,1,1,0
-0.5,-0.2553768299295138,0.0,-0.5,0.0,-0.21428571428571427,0.0,0.0,0.0,0,1,1,1,0,0,0,0,1,0,0,0,0,0,1,0,0,0,0,0,1,0,0,0,0,0,0,0,0,0,0,1,0,1,0
-0.5,-0.5156334718958974,0.0,0.5,-0.5,-0.7142857142857143,0.0,0.0,0.0,0,1,0,1,0,0,0,0,1,0,1,0,0,0,0,0,0,0,0,0,0,0,1,0,1,0,0,1,0,0,1,1,0,1,0
1.0,1.2450750045183445,0.0,0.5,-0.5,-0.5714285714285714,1.0,0.0,0.0,0,1,1,0,0,1,1,0,0,0,0,0,0,0,0,0,1,0,0,0,1,0,0,0,0,0,0,1,0,0,1,1,0,1,0
-0.9166666666666666,-0.5351527200433761,0.0,0.0,0.5,0.21428571428571427,0.0,0.0,0.0,0,1,1,0,0,1,0,1,0,0,0,0,0,0,0,0,1,0,0,0,0,0,1,0,0,1,0,1,1,0,0,1,0,0,0
1.0,1.9047532983914695,0.0,-1.0,0.5,2.142857142857143,1.0,0.0,0.0,0,1,1,0,0,1,1,0,0,0,0,1,0,0,0,0,0,0,0,0,0,0,1,0,0,1,0,1,0,0,1,1,0,1,0
-0.5,-0.3728537863726731,0.0,0.0,-1.0,-0.5714285714285714,0.0,0.0,0.0,0,1,0,0,0,0,0,0,1,0,1,0,0,0,0,0,0,0,0,0,1,0,0,0,0,0,0,1,0,0,1,1,0,0,1
1.5,1.934393638170974,0.0,-0.5,0.5,0.5,1.0,0.0,0.0,1,1,1,0,0,1,0,1,0,0,0,0,0,0,1,0,0,0,0,1,0,0,0,0,0,0,0,1,0,0,1,1,0,1,0
2.5,0.8897523947225736,0.0,0.5,0.0,-0.5,0.0,0.0,1.0,0,1,1,1,0,0,0,0,1,0,0,1,0,0,0,0,0,0,0,0,1,0,0,0,0,1,0,1,0,0,0,1,0,1,0
-0.25,-0.0001807337791433219,0.0,-0.5,0.5,-0.42857142857142855,0.0,0.0,0.0,0,1,1,0,0,0,1,0,0,0,0,0,1,0,0,0,0,0,0,1,0,0,0,0,0,1,0,1,0,0,1,0,0,1,0
-0.5,-0.2745346105187059,0.0,-1.0,-1.0,-0.7857142857142857,0.0,0.0,0.0,1,1,1,0,0,0,0,0,1,0,0,0,0,0,0,0,1,0,0,0,1,0,0,0,0,0,0,1,0,0,1,1,0,1,0
-1.0,-0.7187782396529911,0.0,0.5,0.5,1.3571428571428572,1.0,0.0,0.0,0,1,1,1,0,0,1,0,0,0,0,0,0,0,0,0,1,0,0,1,0,0,0,0,0,1,0,1,0,0,1,1,0,1,0
1.5,-0.06560636182902585,0.0,-0.5,-1.0,-0.6428571428571429,1.0,0.0,0.0,1,1,0,1,0,0,0,1,0,0,0,0,1,0,0,0,0,0,0,0,1,0,0,0,0,1,0,1,0,0,1,1,0,1,0
-0.5,-0.26549792156153984,0.0,0.0,-0.5,0.14285714285714285,0.0,0.0,0.0,0,0,1,0,0,1,1,0,0,0,0,0,0,0,1,0,0,0,0,0,0,1,0,0,0,0,0,1,0,0,0,1,0,1,0
2.5,4.3717693836978135,0.0,-0.5,-0.5,-0.5714285714285714,0.0,0.0,0.0,1,1,0,0,0,0,0,0,0,1,0,0,1,0,0,0,0,0,0,0,1,0,0,0,0,1,0,1,0,0,1,1,0,1,0
0.0,0.2438098680643412,0.0,-0.5,0.5,0.5,0.0,0.0,0.0,0,1,1,0,0,0,0,0,1,0,0,0,0,0,1,0,0,0,0,0,1,0,0,0,0,0,0,1,0,1,0,1,0,0,1
0.5,0.5572022410988614,0.0,0.5,-0.5,0.5714285714285714,1.0,-1.0,0.0,1,1,1,0,0,1,1,0,0,0,0,1,0,0,0,0,0,0,0,0,1,0,0,0,0,0,0,1,0,0,1,1,0,0,1
0.0,-0.3157419121633833,0.0,0.0,-1.0,-0.5,0.0,0.0,0.0,0,1,1,0,0,1,0,0,1,0,0,0,0,0,0,0,1,0,0,0,1,0,0,0,0,0,0,1,0,1,0,1,0,1,0
0.5,-0.26802819446954634,0.0,0.5,0.0,0.5,1.0,0.0,0.0,0,1,1,0,0,1,1,0,0,0,0,0,0,0,1,0,0,0,0,0,1,0,0,0,0,1,0,1,0,0,0,1,0,1,0
-0.5,-0.494668353515272,0.0,-0.5,0.0,1.0,1.0,-1.0,1.0,0,1,1,0,0,0,1,0,0,0,1,0,0,0,0,0,0,0,0,0,1,0,0,0,0,1,0,1,0,1,0,1,0,1,0
0.5,-0.17693836978131214,0.0,0.5,0.5,0.07142857142857142,0.0,-1.0,0.0,0,1,0,0,0,0,0,0,0,0,0,0,0,1,0,0,0,0,0,0,1,0,0,0,0,0,0,1,1,0,0,0,0,0,0
-0.5,-0.5604554491234411,0.0,0.5,-0.5,-0.35714285714285715,0.0,0.0,0.0,0,1,1,0,0,1,0,0,1,0,0,0,0,0,0,0,1,0,0,0,1,0,0,0,1,0,0,1,0,1,0,1,0,1,0
-0.75,-0.29839146936562444,0.0,-0.5,0.0,0.07142857142857142,1.0,-1.0,0.0,1,1,0,0,0,0,1,0,0,0,0,0,0,1,0,0,0,0,0,0,1,0,0,0,0,0,0,1,0,0,1,1,0,1,0
0.25,-0.17766130489788542,0.0,0.0,-0.5,-0.5714285714285714,1.0,0.0,0.0,1,1,0,1,0,0,0,0,1,0,0,0,0,0,0,0,1,0,0,0,1,0,0,0,0,0,0,1,0,1,0,1,0,1,0
1.5,3.125790710283752,1.0,0.5,-0.5,-0.5,1.0,-1.0,0.0,1,1,0,0,0,1,0,0,1,0,0,0,0,0,1,0,0,0,0,0,1,0,0,0,0,0,0,1,0,0,1,1,0,1,0
0.5,0.040665100307247425,0.0,0.5,0.5,0.14285714285714285,0.0,0.0,0.0,1,1,0,1,0,0,0,0,1,0,0,0,0,0,0,0,1,0,0,0,1,0,0,0,0,0,0,1,0,1,0,1,0,1,0
1.5,0.19356587746249773,0.0,0.5,0.0,-0.21428571428571427,0.0,0.0,0.0,0,1,1,0,0,0,0,1,0,0,1,0,0,0,0,0,0,0,0,0,0,0,0,0,0,1,0,1,1,0,0,1,0,0,0
-0.25,0.47587204048436654,0.0,-1.0,0.5,-0.42857142857142855,1.0,-1.0,0.0,0,1,1,1,0,0,0,1,0,0,0,0,0,0,1,0,0,0,0,0,1,0,0,0,0,0,0,1,0,0,0,1,0,1,0
-0.5,-0.553587565515995,0.0,0.5,0.5,1.4285714285714286,0.0,0.0,0.0,0,1,0,1,0,0,0,0,1,0,0,0,0,1,0,0,0,0,0,0,1,0,0,0,0,0,0,1,0,0,0,1,0,1,0
-0.75,0.15416591360925358,0.0,0.0,0.5,0.14285714285714285,0.0,0.0,0.0,1,1,1,0,0,1,0,0,1,0,0,0,0,0,0,0,1,0,0,0,0,0,0,0,0,1,0,0,0,0,1,1,0,1,0
1.5,0.7722754382794145,0.0,0.5,-0.5,-0.5,1.0,-1.0,0.0,1,1,0,0,0,1,0,1,0,0,0,0,0,0,0,0,1,0,0,0,1,0,0,0,0,1,0,1,0,0,1,1,0,1,0
2.5,1.5302729080065065,0.0,0.0,-0.5,-0.6428571428571429,0.0,0.0,0.0,0,1,0,0,0,0,0,0,1,0,1,0,0,0,0,0,0,0,0,0,0,0,0,0,0,1,0,1,0,0,0,1,0,1,0
-0.5,-0.33128501716970904,0.0,-0.5,-0.5,-0.14285714285714285,0.0,-1.0,0.0,1,1,1,0,0,0,0,0,0,1,0,0,0,0,0,0,0,0,1,0,1,0,0,0,0,1,0,1,0,1,0,1,0,1,0
-0.5,-0.4350262063979758,0.0,0.5,0.5,-0.2857142857142857,0.0,-1.0,0.0,0,1,0,0,0,1,0,0,1,0,0,0,0,0,1,0,0,0,0,1,0,0,0,0,0,0,0,1,0,0,1,1,0,0,1
-0.75,0.3139345743719501,0.0,-1.0,-0.5,0.0,0.0,-1.0,0.0,0,1,1,0,0,0,0,0,1,0,1,0,0,0,0,0,0,0,0,0,0,0,1,0,0,0,0,1,0,1,0,1,0,1,0
-0.25,-0.3815290077715525,0.0,0.0,0.5,0.42857142857142855,1.0,0.0,0.0,1,1,0,0,1,0,1,0,0,0,0,0,0,0,0,0,1,0,0,0,0,0,1,0,0,1,0,1,1,0,0,1,0,0,0
1.0,-0.22103741189228268,0.0,0.5,-1.0,-0.5,0.0,0.0,0.0,0,1,1,0,0,0,0,0,1,0,0,0,0,0,0,0,1,0,0,0,0,0,1,0,0,0,0,1,0,0,1,1,0,1,0
0.5,0.9193927345020785,0.0,0.0,0.5,1.4285714285714286,1.0,0.0,1.0,0,1,0,1,0,0,0,1,0,0,1,0,0,0,0,0,0,0,0,0,1,0,0,0,0,1,0,1,1,0,0,1,0,0,0
-0.6666666666666666,-0.1454906922103741,0.0,-1.0,0.5,0.35714285714285715,0.0,0.0,0.0,1,0,1,0,0,1,0,0,1,0,0,0,0,0,0,0,1,0,0,0,1,0,0,0,0,1,0,1,0,0,0,1,0,1,0
-0.5,1.497017892644135,1.0,-0.5,-1.0,1.3571428571428572,0.0,-1.0,0.0,1,1,0,0,0,0,0,0,1,0,0,0,0,0,0,0,1,0,0,0,0,0,1,0,0,1,0,1,1,0,0,1,0,1,0
0.5,-0.39598771010301825,0.0,0.5,0.5,1.7142857142857142,1.0,-1.0,0.0,1,1,1,1,0,0,1,0,0,0,0,0,0,0,0,0,1,0,0,0,0,1,0,0,0,0,0,1,0,0,0,1,0,0,1
-0.75,0.0652448942707392,0.0,-0.5,0.5,1.2857142857142858,0.0,-1.0,0.0,0,1,1,0,0,1,0,0,1,0,1,0,0,0,0,0,0,0,0,1,0,0,0,0,0,1,0,1,1,0,0,1,0,0,0
-1.0,1.6029278872221218,0.0,-1.0,0.0,0.8571428571428571,1.0,-1.0,1.0,1,1,1,0,0,1,1,0,0,0,1,0,0,0,0,0,0,0,0,0,1,0,0,0,0,1,0,1,1,0,0,1,0,1,0
0.5,-0.0005422013374299657,0.0,-0.5,0.0,-0.07142857142857142,0.0,0.0,0.0,0,1,1,1,0,0,0,0,0,0,1,0,0,0,0,0,0,0,0,0,0,0,0,0,0,1,0,1,0,0,1,0,0,1,0
-0.5,-0.3450207843846015,0.0,-0.5,0.0,0.21428571428571427,0.0,0.0,0.0,0,1,0,1,0,0,0,0,1,0,1,0,0,0,0,0,0,0,0,0,1,0,0,1,0,0,0,1,0,0,1,1,0,1,0
-0.5,-0.01716970901861558,0.0,0.5,0.5,0.2857142857142857,0.0,0.0,0.0,1,1,1,0,0,1,0,0,1,0,0,0,0,0,0,0,1,0,0,0,0,0,1,0,0,1,0,1,1,0,0,1,0,0,0
-0.5,-0.5684077354057473,0.0,0.5,0.5,0.35714285714285715,1.0,0.0,0.0,0,1,1,0,0,0,0,0,1,0,0,0,0,0,0,0,0,0,1,0,0,0,1,0,0,1,0,1,0,0,0,1,0,1,0
0.0,0.022591722392915237,0.0,0.5,-1.0,-0.42857142857142855,0.0,0.0,0.0,0,1,1,1,0,0,0,0,1,0,0,0,0,0,0,0,1,0,0,0,1,0,0,0,0,0,0,1,0,0,1,0,1,1,0
2.5,0.7162479667449846,0.0,0.0,0.5,-0.6428571428571429,0.0,0.0,0.0,0,1,0,1,0,0,0,0,1,0,0,0,1,0,0,0,0,0,0,0,1,0,0,0,0,0,0,1,0,0,0,1,0,0,1
1.5,0.46755828664377375,0.0,-1.0,-0.5,0.2857142857142857,0.0,0.0,1.0,0,1,1,1,0,0,0,0,1,0,0,0,0,0,1,0,0,0,0,0,1,0,0,0,0,1,1,0,0,0,0,1,0,1,0
-1.0,-0.4057473341767576,0.0,0.5,-1.0,0.14285714285714285,0.0,0.0,0.0,0,0,1,0,0,1,0,0,0,1,1,0,0,0,0,0,0,0,0,0,0,0,0,0,0,1,0,1,1,0,0,0,0,0,1
0.0,-0.3930959696367251,0.0,0.5,0.5,2.0,0.0,0.0,0.0,0,1,1,0,0,0,0,0,1,0,0,0,0,1,0,0,0,0,0,0,0,0,1,0,0,1,0,1,1,0,0,1,0,0,0
-0.5,0.15235857581782036,0.0,-0.5,0.5,1.7142857142857142,2.0,-1.0,0.0,0,1,1,0,0,1,1,0,0,0,0,0,0,1,0,0,0,0,0,0,1,0,0,0,0,0,0,1,1,0,0,0,0,0,0
0.5,-0.4097234773179107,1.0,-1.0,0.5,-0.2857142857142857,1.0,-1.0,0.0,0,1,0,1,0,0,0,0,0,0,1,0,0,0,0,0,0,0,0,0,1,0,0,0,0,0,0,0,1,0,0,1,0,0,1
0.5,-0.3551418760166275,0.0,0.5,-0.5,0.2857142857142857,1.0,-1.0,1.0,0,1,0,0,1,0,1,0,0,0,1,0,0,0,0,0,0,0,0,0,0,0,1,0,0,1,0,1,0,1,0,0,0,1,0
0.0,-0.07319718055304536,0.0,0.5,0.5,-0.6428571428571429,1.0,0.0,0.0,0,1,0,1,0,0,1,0,0,0,0,0,0,0,1,0,0,0,0,0,1,0,0,0,0,0,0,1,0,1,0,1,0,0,1
-0.6666666666666666,-0.030905476233508044,0.0,-1.0,0.0,1.0714285714285714,1.0,-1.0,1.0,0,0,1,1,0,0,1,0,0,0,1,0,0,0,0,0,0,0,0,0,1,0,0,0,0,1,0,1,0,1,0,1,0,0,1
-0.6666666666666666,-0.0652448942707392,0.0,-1.0,0.0,-0.7142857142857143,1.0,0.0,0.0,0,1,1,0,0,1,1,0,0,0,0,0,0,0,1,0,0,0,0,0,1,0,0,0,0,0,0,1,0,1,0,1,0,0,1
-1.0,-0.568769202964034,0.0,-0.5,0.0,2.2142857142857144,0.0,0.0,0.0,0,1,1,0,0,0,0,0,1,0,0,0,0,0,0,0,1,0,0,0,1,0,0,0,0,0,1,0,0,1,0,1,0,1,0
-0.75,-0.43394180372311586,0.0,-0.5,0.5,1.1428571428571428,0.0,0.0,0.0,0,1,1,0,1,0,0,0,1,0,0,0,0,0,0,0,1,0,0,0,0,0,0,1,0,0,0,1,0,1,0,1,0,1,0
-0.75,-0.675402132658594,0.0,0.5,0.0,-0.6428571428571429,0.0,0.0,0.0,0,1,1,0,0,0,0,0,1,0,0,0,0,0,0,0,1,0,0,0,1,0,0,0,0,1,0,1,0,1,0,1,0,1,0
-1.0,-0.5846737755286463,0.0,-0.5,-0.5,-0.42857142857142855,0.0,-1.0,0.0,0,0,1,0,1,0,0,0,1,0,1,0,0,0,0,0,0,0,0,0,0,1,0,0,1,0,0,1,0,1,0,1,0,1,0
0.5,2.2850171697090187,0.0,-0.5,-0.5,-0.42857142857142855,1.0,0.0,0.0,1,1,0,0,0,1,0,1,0,0,0,0,1,0,0,0,0,0,0,0,1,0,0,0,0,1,0,1,0,0,1,0,0,1,0
0.5,0.41984456894993677,0.0,0.0,0.5,-0.7142857142857143,0.0,0.0,0.0,0,1,1,0,0,1,0,0,1,0,0,1,0,0,0,0,0,0,0,0,0,0,0,0,0,0,0,1,0,0,1,1,0,1,0
-0.25,1.0834990059642147,0.0,-1.0,0.5,0.14285714285714285,0.0,0.0,0.0,0,1,1,0,0,1,0,0,1,0,1,0,0,0,0,0,0,0,0,1,0,0,0,0,0,0,0,1,1,0,0,1,0,0,0
-1.0,-0.3544189409000542,0.0,-0.5,0.5,0.6428571428571429,0.0,0.0,1.0,1,1,1,0,0,1,0,0,1,0,0,0,0,0,0,0,1,0,0,0,0,0,0,0,0,1,0,1,1,0,0,0,0,0,0
-0.5,-0.41876016627507684,0.0,0.5,0.0,-0.42857142857142855,0.0,-1.0,0.0,0,1,1,1,0,0,0,0,1,0,1,0,0,0,0,0,0,0,0,0,1,0,0,0,1,0,0,1,0,1,0,1,0,1,0
-0.25,0.45816013012832096,0.0,-1.0,-0.5,0.9285714285714286,1.0,-1.0,0.0,0,1,1,0,0,1,0,1,0,0,0,1,0,0,0,0,0,0,0,0,1,0,0,0,0,0,0,1,0,0,0,1,0,1,0
-0.25,0.3764684619555395,0.0,0.0,0.5,-0.7142857142857143,1.0,0.0,0.0,1,1,1,0,0,1,1,0,0,0,0,1,0,0,0,0,0,0,0,0,0,1,0,0,0,1,0,1,1,0,0,1,0,0,1
0.0,-0.028013735767214894,0.0,0.5,0.0,-0.21428571428571427,0.0,-1.0,1.0,1,1,1,1,0,0,0,0,1,0,1,0,0,0,0,0,0,0,0,0,0,0,0,0,0,1,0,1,0,0,1,1,0,1,0
0.25,0.4599674679197542,0.0,-1.0,0.5,-0.5,0.0,-1.0,0.0,0,1,1,1,0,0,0,0,1,0,0,0,0,0,1,0,0,0,0,0,1,0,0,0,0,0,0,1,0,0,1,1,0,0,1
0.16666666666666666,-0.03307428158322791,0.0,0.5,-0.5,0.0,1.0,0.0,0.0,0,0,0,1,0,0,1,0,0,0,1,0,0,0,0,0,0,0,0,0,1,0,0,0,1,0,1,0,0,0,0,0,0,0,1
-0.25,-0.33381529007771554,0.0,-0.5,0.5,-0.35714285714285715,0.0,0.0,0.0,0,1,1,1,0,0,0,0,1,0,1,0,0,0,0,0,0,0,0,0,1,0,0,0,0,0,0,1,0,0,1,1,0,0,1
0.16666666666666666,0.10934393638170974,0.0,-0.5,0.0,-0.2857142857142857,1.0,0.0,0.0,1,1,1,0,0,0,0,1,0,0,0,0,0,0,0,1,0,0,0,0,1,0,0,0,0,1,0,1,0,0,1,0,0,1,0
-1.0,-0.3442978492680282,1.0,0.5,0.0,3.0,0.0,-1.0,0.0,1,1,1,1,0,0,0,0,1,0,1,0,0,0,0,0,0,0,0,0,0,0,1,0,0,0,0,1,0,0,0,1,0,1,0
-0.75,-0.07536598590276522,0.0,-0.5,-0.5,0.2857142857142857,0.0,-1.0,1.0,0,1,1,0,0,0,0,0,1,0,0,0,0,0,0,0,1,0,0,0,1,0,0,0,0,1,0,1,0,1,0,1,0,1,0
-0.5,-0.35984095427435386,0.0,-0.5,-1.0,-0.7857142857142857,0.0,0.0,0.0,0,1,0,0,0,0,0,0,1,0,0,0,0,0,0,0,1,0,0,0,1,0,0,0,0,1,0,1,0,0,1,0,1,1,0
0.5,-0.10392192300741009,0.0,-1.0,-1.0,-0.7857142857142857,0.0,0.0,0.0,1,1,0,0,0,0,0,0,1,0,0,0,0,0,0,0,1,0,0,0,1,0,0,0,1,0,0,1,0,0,0,1,0,1,0
0.0,1.4015904572564613,0.0,-0.5,0.5,0.7857142857142857,0.0,-1.0,1.0,1,1,1,0,0,0,0,1,0,0,0,0,0,0,0,0,0,1,0,0,1,0,0,0,0,1,0,1,0,1,0,1,0,1,0
0.0,-0.09958431230797037,0.0,0.5,-1.0,0.0,0.0,0.0,0.0,0,1,1,0,0,1,0,0,1,0,0,0,0,0,0,0,1,0,0,0,1,0,0,0,0,1,0,1,0,1,0,1,0,1,0
-0.75,1.0130128320983192,0.0,-0.5,0.5,2.9285714285714284,0.0,-1.0,1.0,1,1,0,0,0,0,0,0,0,0,0,1,0,0,0,0,0,0,0,0,1,0,0,0,0,0,0,1,1,0,0,0,0,0,0
-0.5,-0.6931140430146394,0.0,0.0,0.0,0.6428571428571429,1.0,0.0,0.0,0,1,1,0,1,0,0,0,0,0,0,0,0,0,0,0,1,0,0,0,0,1,0,0,0,0,0,1,0,1,0,1,0,0,1
0.0,-0.39092716428700525,0.0,0.5,-0.5,0.0,0.0,0.0,0.0,0,1,0,0,0,0,1,0,0,0,0,0,0,0,0,0,1,0,0,0,1,0,0,0,1,0,0,1,0,0,1,1,0,1,0
0.5,-0.3511657328754744,0.0,0.0,0.5,-0.5714285714285714,0.0,-1.0,0.0,1,1,0,0,0,0,0,0,1,0,1,0,0,0,0,0,0,0,0,0,1,0,0,0,0,0,0,1,0,0,1,1,0,1,0
0.0,1.4934032170612688,0.0,-0.5,0.5,0.42857142857142855,1.0,-1.0,1.0,1,1,0,0,0,1,0,0,0,0,1,0,0,0,0,0,0,0,0,0,1,0,0,0,0,1,0,1,1,0,0,0,0,1,0
0.5,-0.34321344659316827,0.0,0.5,-0.5,1.0,0.0,0.0,0.0,1,1,1,0,1,0,0,0,1,0,0,0,0,0,0,0,1,0,0,0,0,0,0,0,0,0,0,1,1,0,0,1,0,0,0
-0.5,-0.1462136273269474,0.0,0.5,-0.5,0.2857142857142857,0.0,-1.0,0.0,0,1,0,0,0,0,0,0,1,0,0,0,0,0,1,0,0,0,0,0,1,0,0,0,0,1,0,1,0,0,0,1,0,1,0
0.0,0.5506958250497018,0.0,0.0,-1.0,-0.42857142857142855,1.0,0.0,0.0,0,1,1,0,0,1,1,0,0,0,0,1,0,0,0,0,0,0,0,0,1,0,0,0,0,1,0,1,0,0,1,1,0,1,0
-0.5,-0.4769564431592265,0.0,0.5,-1.0,-0.7857142857142857,0.0,0.0,0.0,0,1,1,0,0,0,0,0,1,0,1,0,0,0,0,0,0,0,0,0,0,1,0,0,1,0,0,1,0,1,0,1,0,1,0
0.5,1.6430507861919392,0.0,-0.5,-1.0,1.5714285714285714,0.0,0.0,0.0,1,1,0,1,0,0,0,0,0,0,0,0,0,0,1,0,0,0,0,0,1,0,0,1,0,0,0,1,0,0,0,0,0,1,0
-0.8333333333333334,-0.32983914693656247,0.0,0.5,-0.5,0.0,0.0,0.0,0.0,0,0,1,0,0,0,0,0,1,0,0,0,0,0,0,0,1,0,0,0,1,0,0,0,0,1,1,0,0,1,0,1,0,1,0
-0.5,1.2559190312669437,0.0,-0.5,0.5,1.1428571428571428,0.0,0.0,0.0,1,1,1,0,0,1,1,0,0,0,0,0,0,0,1,0,0,0,0,0,0,0,1,0,0,1,0,1,0,0,0,1,0,0,1
-0.25,-0.2915235857581782,0.0,0.5,0.5,2.142857142857143,0.0,0.0,0.0,0,1,1,0,0,1,1,0,0,0,0,0,0,0,1,0,0,0,0,0,0,0,1,0,0,1,0,1,0,0,0,1,0,1,0
0.5,-0.3500813302006145,0.0,0.5,0.0,0.5,0.0,-1.0,0.0,1,1,0,1,0,0,0,0,0,0,0,0,0,0,0,1,0,0,0,0,0,0,1,0,0,1,0,1,0,0,1,0,1,1,0
-0.25,0.25393095969636725,0.0,-0.5,-0.5,0.0,0.0,0.0,0.0,0,1,1,0,0,1,0,0,1,0,0,1,0,0,0,0,0,0,0,0,1,0,0,0,0,1,0,1,0,0,1,1,0,1,0
2.5,5.818724019519248,0.0,-1.0,-0.5,-0.07142857142857142,0.0,-1.0,0.0,1,0,0,0,0,0,0,0,0,1,0,0,0,0,0,1,0,0,0,0,1,0,0,0,0,0,0,1,0,0,0,0,0,1,0
0.25,0.15127417314296043,0.0,0.0,-0.5,-0.07142857142857142,1.0,0.0,0.0,1,1,1,0,0,0,1,0,0,0,0,0,0,0,1,0,0,0,0,0,0,1,0,0,0,1,0,1,0,0,1,1,0,1,0
1.5,2.133562262786915,0.0,-0.5,-0.5,-0.5,0.0,0.0,1.0,0,1,0,1,0,0,0,0,1,0,0,1,0,0,0,0,0,0,0,0,1,0,0,0,0,1,0,1,0,0,0,1,0,1,0
-0.75,-0.5026206397975782,0.0,0.5,-0.5,1.3571428571428572,1.0,0.0,0.0,1,1,1,0,0,1,1,0,0,0,0,0,0,1,0,0,0,0,0,1,0,0,0,0,0,1,0,1,0,0,1,1,0,1,0
1.0,-0.06379902403759262,0.0,0.5,-0.5,-0.6428571428571429,0.0,0.0,0.0,0,1,0,0,0,0,0,0,1,0,1,0,0,0,0,0,0,0,0,0,1,0,0,0,0,0,1,0,1,0,0,0,0,1,0
-0.75,0.13392373034520152,0.0,-1.0,-0.5,-0.07142857142857142,0.0,0.0,1.0,0,1,1,0,0,1,0,0,1,0,0,0,0,0,0,0,1,0,0,0,1,0,0,0,0,1,0,1,0,1,0,1,0,1,0
-0.6666666666666666,-0.07030544008675221,0.0,-0.5,0.0,-0.42857142857142855,1.0,0.0,0.0,0,0,1,1,0,0,1,0,0,0,0,0,0,0,1,0,0,0,0,0,0,0,1,0,0,0,0,0,0,1,0,1,0,0,1
1.5,-0.008855955178022772,0.0,0.5,0.5,-0.14285714285714285,0.0,0.0,0.0,0,1,0,1,0,0,0,0,1,0,0,0,0,0,0,0,1,0,0,0,1,0,0,1,0,0,0,1,0,0,1,1,0,0,1
0.0,0.10681366347370323,0.0,0.5,0.5,0.07142857142857142,0.0,0.0,0.0,0,1,1,0,0,0,0,0,1,0,0,0,1,0,0,0,0,0,0,0,0,0,0,0,0,1,0,1,0,0,1,1,0,1,0
-0.25,0.1303090547623351,0.0,-0.5,0.5,-0.5,0.0,0.0,0.0,1,1,1,0,1,0,0,0,1,0,0,0,1,0,0,0,0,0,0,0,1,0,0,0,0,1,0,1,0,0,0,1,0,0,1
0.25,0.215615398517983,0.0,-1.0,-1.0,-0.35714285714285715,0.0,-1.0,0.0,1,1,1,0,1,0,0,0,1,0,1,0,0,0,0,0,0,0,0,0,0,0,0,0,0,0,0,1,0,0,1,0,0,1,0
1.25,0.15814205675040666,0.0,-0.5,-0.5,-0.5,1.0,0.0,0.0,1,1,1,0,0,1,0,1,0,0,0,0,1,0,0,0,0,0,0,0,1,0,0,0,0,0,0,1,0,0,1,1,0,1,0
-0.5,-0.41261521778420385,0.0,0.0,-0.5,-0.42857142857142855,1.0,0.0,0.0,0,1,1,0,0,1,1,0,0,0,0,0,1,0,0,0,0,0,0,0,1,0,0,0,0,0,0,1,0,1,0,1,0,1,0
-0.75,0.17079342129043917,0.0,-0.5,-0.5,0.21428571428571427,1.0,0.0,1.0,0,1,1,1,0,0,1,0,0,0,1,0,0,0,0,0,0,0,0,0,1,0,0,0,0,1,0,1,0,1,0,1,0,0,1
-0.5,0.26477498644496655,0.0,-0.5,0.5,2.0,0.0,-1.0,0.0,0,1,1,0,0,1,0,0,1,0,0,0,0,0,0,0,1,0,0,0,0,1,0,1,0,0,0,1,0,1,0,1,0,1,0
-0.25,-0.29441532622447136,0.0,0.0,0.0,2.0,1.0,0.0,0.0,0,1,0,0,0,0,0,1,0,0,0,0,0,0,0,0,0,1,0,0,0,1,0,0,1,0,0,1,0,0,0,0,1,1,0
-0.25,-0.3229712633291162,0.0,0.5,0.0,-0.5714285714285714,1.0,0.0,0.0,0,1,1,1,0,0,1,0,0,0,0,0,0,0,1,0,0,0,0,0,1,0,0,0,0,0,0,1,0,0,0,1,0,0,1
-0.5,-0.3970721127778782,0.0,0.5,-0.5,-0.6428571428571429,0.0,-1.0,0.0,0,1,0,1,0,0,0,0,1,0,1,0,0,0,0,0,0,0,0,0,1,0,0,0,0,0,0,1,0,1,0,1,0,1,0
0.25,0.00957889029459606,0.0,-1.0,0.5,1.0,1.0,0.0,0.0,0,1,1,0,0,0,0,1,0,0,1,0,0,0,0,0,0,0,0,0,1,0,0,1,0,0,0,1,0,0,0,1,0,1,0
-0.5,0.43394180372311586,0.0,-0.5,0.0,0.8571428571428571,0.0,-1.0,1.0,1,1,1,0,0,1,0,0,1,0,1,0,0,0,0,0,0,0,0,0,0,0,1,0,0,1,0,1,0,0,0,1,0,1,0
-0.5,-0.4071932044099042,0.0,0.5,0.5,-0.7142857142857143,0.0,0.0,0.0,1,1,1,1,0,0,0,0,1,0,0,0,0,1,0,0,0,0,0,0,0,0,1,0,0,0,0,1,0,0,0,0,0,0,1
-0.5,-0.605277426350985,0.0,0.5,0.5,-0.6428571428571429,0.0,0.0,0.0,0,1,1,1,0,0,0,0,1,0,0,0,0,0,1,0,0,0,0,0,1,0,0,0,0,0,0,1,0,0,0,1,0,0,1
-0.75,-0.06885956985360564,0.0,0.0,-0.5,-0.5714285714285714,0.0,0.0,0.0,0,1,1,1,0,0,0,0,1,0,0,0,0,0,1,0,0,0,0,0,1,0,0,0,0,1,0,1,0,1,0,1,0,1,0
-0.6666666666666666,-0.3981565154527381,0.0,-0.5,-0.5,0.2857142857142857,0.0,0.0,0.0,1,1,1,0,1,0,0,0,1,0,0,0,0,0,0,0,0,0,0,0,1,0,0,0,0,1,0,1,0,0,1,1,0,1,0
0.0,-0.3728537863726731,0.0,0.5,-1.0,-0.42857142857142855,1.0,0.0,0.0,0,1,1,0,0,0,1,0,0,0,0,0,0,0,1,0,0,0,0,0,1,0,0,0,0,0,0,1,0,0,0,1,0,1,0
-0.5,-0.3645400325320802,0.0,0.5,0.5,1.5,0.0,0.0,0.0,1,1,1,0,0,0,0,0,1,0,1,0,0,0,0,0,0,0,0,0,0,1,0,0,0,1,0,1,0,1,0,1,0,1,0
0.5,-0.3081510934393638,0.0,0.5,0.0,0.0,0.0,0.0,0.0,1,1,1,0,0,1,0,0,1,0,1,0,0,0,0,0,0,0,0,0,0,0,0,0,1,0,0,1,0,1,0,1,0,1,0
1.5,1.4106271462136273,0.0,0.5,0.5,-0.7142857142857143,1.0,-1.0,0.0,1,1,0,1,0,0,1,0,0,0,0,0,0,0,1,0,0,0,0,0,1,0,0,0,0,0,0,0,1,0,0,1,0,0,1
-0.5,-0.2720043376106994,0.0,0.5,-0.5,1.2142857142857142,0.0,0.0,0.0,0,1,1,0,0,1,0,0,1,0,0,0,0,0,1,0,0,0,0,0,1,0,0,0,0,1,0,1,0,1,0,1,0,1,0
-0.25,-0.49756009398156514,0.0,0.5,0.0,0.0,1.0,0.0,1.0,0,1,0,1,0,0,0,0,0,1,1,0,0,0,0,0,0,0,0,0,1,0,0,0,0,1,0,1,0,0,1,1,0,0,1
0.25,3.7424543647207664,0.0,0.5,0.5,-0.21428571428571427,0.0,-1.0,0.0,1,1,0,0,0,1,1,0,0,0,1,0,0,0,0,0,0,0,0,0,0,0,1,0,0,1,0,1,1,0,0,1,0,0,0
0.5,0.8622808602927887,0.0,0.5,-0.5,0.2857142857142857,1.0,-1.0,0.0,1,1,1,0,0,0,0,1,0,0,0,0,1,0,0,0,0,0,0,0,0,0,1,0,0,1,0,1,0,0,0,0,0,1,0
0.0,-0.4440628953551419,1.0,0.5,0.5,2.2857142857142856,1.0,-1.0,0.0,0,1,1,0,0,1,1,0,0,0,0,0,0,0,0,0,1,0,0,0,1,0,0,0,0,0,0,1,0,0,1,1,0,1,0
0.5,1.4793059822880896,0.0,-0.5,0.5,0.7857142857142857,1.0,-1.0,1.0,1,1,1,1,0,0,1,0,0,0,0,1,0,0,0,0,0,0,0,0,1,0,0,0,0,0,0,1,1,0,0,1,0,0,0
0.16666666666666666,1.3813482739924092,0.0,0.0,0.5,-0.14285714285714285,1.0,0.0,0.0,1,1,1,0,0,0,0,0,0,1,0,1,0,0,0,0,0,0,0,0,0,0,0,0,1,0,0,1,0,0,1,0,0,1,0
1.0,0.24959334899692753,0.0,0.5,0.5,1.0,0.0,0.0,0.0,0,1,1,0,1,0,1,0,0,0,0,0,0,0,0,0,1,0,0,0,1,0,0,0,0,1,0,1,0,0,0,1,0,1,0
0.0,-0.41839869871679014,0.0,0.5,0.0,-0.2857142857142857,1.0,0.0,0.0,1,1,1,0,0,1,1,0,0,0,0,0,0,0,0,0,1,0,0,0,0,0,1,0,0,1,0,1,0,0,0,1,0,1,0
0.5,0.2973070666907645,0.0,0.5,-1.0,-0.7857142857142857,0.0,0.0,0.0,0,1,1,1,0,0,0,0,1,0,0,0,0,0,1,0,0,0,0,0,1,0,0,0,0,1,0,1,1,0,0,0,0,0,0
0.0,-0.42562804988252306,0.0,0.5,0.0,0.9285714285714286,1.0,0.0,0.0,0,1,1,0,0,1,1,0,0,0,0,0,0,0,0,0,1,0,0,0,0,1,0,0,0,1,0,1,0,1,0,1,0,1,0
2.5,0.573829748780047,0.0,0.5,-0.5,0.35714285714285715,0.0,0.0,0.0,0,1,0,0,0,1,0,0,1,0,0,0,1,0,0,0,0,0,0,0,0,0,1,1,0,0,0,1,0,1,0,0,0,1,0
-0.5,-0.027290800650641604,0.0,-1.0,-0.5,0.9285714285714286,0.0,-1.0,0.0,0,1,1,0,1,0,0,0,1,0,0,0,0,0,1,0,0,0,0,0,1,0,0,0,0,0,0,1,0,0,1,1,0,1,0
-0.5,-0.5853967106452196,0.0,0.5,-0.5,-0.21428571428571427,1.0,0.0,0.0,0,1,1,0,0,1,0,0,1,0,0,0,0,0,0,0,1,0,0,0,1,0,0,0,0,1,0,1,0,1,0,0,0,1,0
-0.5,-0.02873667088378818,0.0,-0.5,-0.5,0.21428571428571427,1.0,0.0,0.0,1,1,1,0,1,0,0,1,0,0,1,0,0,0,0,0,0,0,0,0,1,0,0,0,0,0,0,1,0,0,1,0,1,1,0
0.25,0.0916320260256642,0.0,0.5,-0.5,0.5714285714285714,0.0,-1.0,1.0,0,1,0,0,0,1,0,1,0,0,0,0,1,0,0,0,0,0,0,1,0,0,0,0,0,1,0,1,0,1,0,0,0,1,0
-0.25,0.0001807337791433219,0.0,-0.5,0.0,-0.5714285714285714,0.0,-1.0,0.0,0,1,0,0,1,0,0,0,1,0,0,0,0,0,0,0,1,0,0,0,1,0,0,0,0,0,0,1,0,1,0,1,0,1,0
-0.5,2.0019880715705765,0.0,0.5,0.5,1.4285714285714286,0.0,-1.0,0.0,1,1,0,1,0,0,0,0,1,0,0,0,0,0,1,0,0,0,0,0,1,0,0,0,0,1,0,1,1,0,0,1,0,0,0
-1.0,-0.6790168082414604,0.0,0.5,0.5,-0.7142857142857143,0.0,0.0,0.0,0,1,0,1,0,0,0,0,1,0,0,0,0,1,0,0,0,0,0,0,1,0,0,0,0,0,0,1,0,0,0,1,0,1,0
-0.5,-0.3551418760166275,0.0,0.5,-0.5,0.7142857142857143,1.0,-1.0,1.0,0,1,1,1,0,0,0,1,0,0,1,0,0,0,0,0,0,0,0,0,1,0,0,0,0,1,0,1,0,1,0,1,0,1,0
-0.5,0.3829748780046991,0.0,0.0,0.5,0.14285714285714285,0.0,0.0,0.0,1,1,0,1,0,0,0,0,1,0,0,1,0,0,0,0,0,0,0,0,1,0,0,0,0,1,0,1,1,0,0,1,0,0,0
-0.5,-0.07392011566961865,0.0,0.0,-0.5,0.42857142857142855,1.0,-1.0,1.0,0,0,1,1,0,0,1,0,0,0,1,0,0,0,0,0,0,0,0,0,1,0,0,0,0,1,0,1,0,1,0,1,0,0,1
0.5,1.6773902042291704,0.0,0.5,0.5,0.21428571428571427,0.0,-1.0,0.0,1,1,1,0,0,0,0,1,0,0,0,0,1,0,0,0,0,0,0,0,0,0,0,0,0,1,0,1,0,0,1,1,0,0,1
0.5,-0.2636905837701066,0.0,0.5,0.5,1.5,1.0,0.0,1.0,0,1,1,0,0,1,1,0,0,0,0,0,0,1,0,0,0,0,0,0,1,0,0,0,0,1,0,1,1,0,0,1,0,0,0
-0.5,-0.5937104644858124,0.0,0.5,0.5,0.5,0.0,-1.0,1.0,0,1,0,1,0,0,0,0,1,0,0,0,0,1,0,0,0,0,0,0,1,0,0,0,0,1,0,1,0,0,1,1,0,0,1
0.5,0.2304355684077354,0.0,0.5,0.5,1.1428571428571428,0.0,0.0,1.0,1,1,1,1,0,0,0,0,1,0,0,1,0,0,0,0,0,0,0,0,0,0,1,0,0,1,0,1,1,0,0,0,0,0,0
0.5,-0.13970721127778782,0.0,0.5,0.5,1.9285714285714286,0.0,0.0,0.0,1,1,1,0,0,1,1,0,0,0,1,0,0,0,0,0,0,0,0,0,0,1,0,0,0,1,0,1,0,1,0,1,0,1,0
-0.5833333333333334,-0.2709199349358395,0.0,0.5,-1.0,-0.9285714285714286,0.0,0.0,0.0,0,1,1,0,0,0,0,0,1,0,0,0,0,0,1,0,0,0,0,0,0,1,0,0,0,0,0,1,0,1,0,1,0,1,0
-0.5,-0.4223748418579433,0.0,0.0,-1.0,-0.5,0.0,0.0,0.0,1,1,1,0,0,0,0,0,1,0,0,0,0,0,0,0,1,0,0,1,0,0,0,1,0,0,0,1,0,0,1,1,0,1,0
-0.25,0.3674317729983734,0.0,0.5,-0.5,-0.35714285714285715,0.0,0.0,0.0,1,1,1,0,0,1,1,0,0,0,0,0,0,0,1,0,0,0,0,0,1,0,0,0,0,1,0,1,1,0,0,1,0,0,0
2.5,1.9166817278149286,0.0,0.5,-0.5,0.9285714285714286,1.0,-1.0,1.0,0,1,1,0,0,1,1,0,0,0,0,0,1,0,0,0,0,0,0,0,0,0,1,1,0,0,0,1,0,0,1,0,0,1,0
-0.75,-0.39851798301102476,0.0,0.0,-1.0,-0.21428571428571427,1.0,0.0,0.0,0,1,1,0,0,1,1,0,0,0,1,0,0,0,0,0,0,0,0,0,1,0,0,0,0,1,0,1,0,1,0,1,0,1,0
0.5,0.47189589734321347,0.0,-1.0,0.5,-0.7857142857142857,0.0,0.0,0.0,0,0,1,1,0,0,0,0,0,0,0,1,0,0,0,0,0,0,0,0,1,0,0,0,0,0,1,0,0,0,1,0,0,0,1
0.0,0.47840231339237305,0.0,-1.0,0.5,-0.7857142857142857,0.0,0.0,0.0,0,1,1,1,0,0,0,0,1,0,0,0,0,0,1,0,0,0,0,0,1,0,0,0,0,0,0,1,0,0,1,1,0,0,1
0.5,-0.3302006144948491,0.0,0.5,-0.5,-0.35714285714285715,0.0,0.0,0.0,0,1,1,0,0,1,0,0,1,0,0,0,0,0,0,0,1,0,0,0,1,0,0,0,1,0,0,1,0,0,0,1,0,1,0
0.0,-0.15886499186697994,0.0,0.5,0.5,-0.35714285714285715,1.0,0.0,0.0,0,1,1,0,0,0,1,0,0,0,0,0,1,0,0,0,0,0,0,0,0,0,1,0,1,0,0,1,0,1,0,0,0,1,0
-0.75,-0.06958250497017893,0.0,0.5,0.5,1.0714285714285714,2.0,0.0,0.0,1,1,1,0,0,1,1,0,0,0,1,0,0,0,0,0,0,0,0,0,1,0,0,0,0,1,0,1,0,0,1,1,0,1,0
-1.0,-0.37140791613952645,0.0,-1.0,-1.0,2.9285714285714284,2.0,-1.0,1.0,0,0,1,0,1,0,1,0,0,0,1,0,0,0,0,0,0,0,0,0,1,0,0,0,0,1,0,1,0,1,0,1,0,1,0
-1.0,-0.68443882161576,0.0,0.5,-0.5,-0.6428571428571429,0.0,0.0,1.0,0,1,0,0,0,0,0,0,0,0,0,0,0,1,0,0,0,0,0,0,0,1,0,0,0,0,0,1,0,0,0,0,0,0,1
0.5,0.6446773902042292,0.0,0.0,0.5,-0.7142857142857143,1.0,0.0,1.0,0,1,0,1,0,0,0,0,0,1,0,0,0,0,1,0,0,0,0,0,1,0,0,0,0,1,0,1,1,0,0,0,0,0,1
1.5,0.020784384601482016,0.0,0.5,-1.0,0.0,0.0,-1.0,0.0,0,1,0,0,0,0,0,0,1,0,0,0,0,0,0,0,0,1,0,0,1,0,0,0,0,1,0,1,1,0,0,1,0,0,1
-0.25,-0.2853786372673053,0.0,0.5,0.5,1.2142857142857142,1.0,0.0,0.0,1,1,1,0,0,0,1,0,0,0,0,0,0,0,0,0,1,0,0,0,0,0,1,0,0,1,1,0,0,1,0,1,0,1,0
-0.25,-0.2188686065425628,0.0,-0.5,0.0,0.21428571428571427,0.0,0.0,0.0,0,1,1,1,0,0,0,0,1,0,1,0,0,0,0,0,0,0,0,0,1,0,0,0,0,1,0,1,0,1,0,1,0,1,0
0.0,0.46466654617748054,0.0,0.0,0.5,0.2857142857142857,0.0,0.0,0.0,1,1,1,0,0,0,1,0,0,0,0,0,0,0,1,0,0,0,0,0,1,0,0,0,0,0,0,1,0,0,0,1,0,1,0
0.0,-0.43394180372311586,0.0,0.5,-0.5,-0.8571428571428571,0.0,0.0,0.0,1,1,1,0,0,1,0,0,1,0,0,0,0,0,0,0,1,0,0,0,0,0,1,0,0,0,0,1,0,1,0,1,0,0,1
0.5,1.9633110428339056,0.0,-0.5,0.5,-0.2857142857142857,0.0,0.0,0.0,0,1,1,0,0,0,1,0,0,0,0,1,0,0,0,0,0,0,0,0,0,1,0,0,0,0,0,1,1,0,0,1,0,0,1
-0.25,0.14512922465208747,0.0,0.5,-0.5,0.14285714285714285,2.0,0.0,0.0,1,1,1,0,0,0,1,0,0,0,0,0,0,0,0,0,1,0,0,0,0,0,1,0,0,1,1,0,0,1,0,0,0,1,0
-0.75,-0.42960419302367614,0.0,0.5,0.5,-0.5714285714285714,1.0,-1.0,0.0,0,1,1,1,0,0,1,0,0,0,0,0,0,0,0,0,1,0,0,0,1,0,0,0,0,1,0,1,0,1,0,1,0,1,0
1.5,0.590095788902946,1.0,0.5,0.0,-0.21428571428571427,0.0,-1.0,0.0,1,1,1,1,0,0,0,0,1,0,0,0,0,0,1,0,0,0,0,0,1,0,0,0,0,1,0,1,0,0,0,1,0,1,0
-0.6666666666666666,-0.2911621181998916,0.0,0.5,-0.5,-0.14285714285714285,0.0,-1.0,0.0,0,1,1,0,0,0,0,0,1,0,0,0,0,0,1,0,0,0,0,0,1,0,0,1,0,0,0,1,0,0,1,1,0,1,0
2.5,1.688957166094343,0.0,-1.0,-1.0,0.07142857142857142,1.0,0.0,0.0,1,1,0,1,0,0,0,0,1,0,0,0,0,0,0,0,1,0,0,0,1,0,0,0,1,0,1,0,0,1,0,1,0,1,0
0.0,-0.30851256099765045,0.0,0.0,0.5,0.42857142857142855,0.0,0.0,0.0,1,1,1,0,0,1,0,0,1,0,0,0,0,0,0,0,1,0,0,0,1,0,0,0,1,0,0,1,0,1,0,1,0,1,0
0.5,1.4409904211097053,0.0,0.0,0.5,0.5714285714285714,0.0,-1.0,1.0,1,1,1,0,0,1,0,0,1,0,0,1,0,0,0,0,0,0,0,0,0,0,1,0,0,1,0,1,0,0,1,1,0,1,0
-0.5,-0.242002530272908,0.0,-0.5,-0.5,-0.42857142857142855,0.0,0.0,0.0,0,1,1,1,0,0,0,0,1,0,0,0,0,0,1,0,0,0,0,0,1,0,0,0,0,1,0,1,0,1,0,1,0,1,0
2.5,1.965118380625339,0.0,0.5,0.5,0.6428571428571429,0.0,-1.0,0.0,0,1,0,1,0,0,0,0,1,0,1,0,0,0,0,0,0,0,0,0,1,0,0,0,0,1,0,1,1,0,0,0,0,0,0
0.5,0.20440990421109706,0.0,0.0,0.5,1.2857142857142858,0.0,0.0,0.0,0,1,1,0,1,0,0,0,1,0,0,0,0,0,1,0,0,0,0,0,1,0,0,1,0,0,0,1,1,0,0,1,0,0,0
1.5,0.024399060184348453,0.0,0.5,0.5,-0.5714285714285714,0.0,0.0,0.0,0,1,1,0,0,1,0,0,1,0,0,0,0,0,0,0,1,0,0,0,0,0,1,0,0,0,0,1,0,0,1,1,0,1,0
-0.75,-0.357672148924634,0.0,0.5,-0.5,0.07142857142857142,1.0,-1.0,0.0,1,1,0,0,1,0,0,0,0,1,0,0,0,0,0,0,1,0,0,0,1,0,0,0,0,1,0,1,0,0,1,1,0,1,0
0.25,0.9674679197542021,0.0,-1.0,0.5,-0.2857142857142857,1.0,0.0,0.0,1,1,0,0,0,1,0,0,0,1,1,0,0,0,0,0,0,0,0,0,0,0,1,0,0,0,0,1,0,0,0,0,0,1,0
0.5,-0.20947045002711007,0.0,0.5,-1.0,-0.6428571428571429,0.0,-1.0,0.0,0,0,1,1,0,0,0,0,1,0,0,0,0,0,1,0,0,0,0,0,1,0,0,0,0,1,0,0,0,0,0,1,0,1,0
-0.5,-0.589011386228086,0.0,0.5,-0.5,0.9285714285714286,1.0,0.0,0.0,1,1,0,1,0,0,0,0,0,0,1,0,0,0,0,0,0,0,0,0,1,0,0,0,0,1,0,1,0,0,1,0,0,1,0
0.5,-0.5817820350623532,0.0,0.5,0.5,1.5,1.0,0.0,0.0,1,1,1,0,0,1,0,1,0,0,1,0,0,0,0,0,0,0,0,0,0,0,1,0,1,0,0,1,0,0,1,1,0,1,0
1.0,-0.14729803000180733,0.0,0.5,0.0,-0.21428571428571427,1.0,-1.0,0.0,0,1,0,0,0,0,0,1,0,0,0,0,0,0,0,0,1,0,0,0,0,0,0,0,0,1,0,1,1,0,0,0,1,1,0
-0.5,0.09127055846737755,0.0,0.5,-1.0,0.0,0.0,-1.0,1.0,0,1,0,1,0,0,0,0,1,0,1,0,0,0,0,0,0,0,0,0,1,0,0,0,0,1,0,1,0,1,0,1,0,1,0
-0.25,-0.3652629676486535,0.0,-0.5,-0.5,1.0,1.0,-1.0,0.0,0,1,1,0,0,1,1,0,0,0,0,0,0,0,0,0,1,0,0,1,0,0,0,0,1,0,0,1,0,0,0,1,0,1,0
1.5,0.2720043376106994,0.0,0.5,0.5,0.21428571428571427,0.0,0.0,0.0,0,1,1,0,0,1,0,0,1,0,1,0,0,0,0,0,0,0,0,0,0,0,1,0,0,1,0,1,0,1,0,1,0,1,0
1.5,2.098861377191397,0.0,-1.0,-0.5,-0.21428571428571427,0.0,0.0,0.0,0,1,1,0,0,1,0,0,1,0,0,1,0,0,0,0,0,0,0,0,1,0,0,0,0,0,0,1,0,0,0,0,0,1,0
0.0,-0.056931140430146396,0.0,0.5,-0.5,-0.35714285714285715,0.0,0.0,0.0,1,1,0,0,0,1,0,1,0,0,0,0,1,0,0,0,0,0,0,0,1,0,0,0,1,0,0,1,0,0,1,1,0,1,0
-0.5,-0.6150370504247243,0.0,0.5,-1.0,-0.5,0.0,-1.0,0.0,0,1,1,0,0,0,0,0,1,0,0,0,0,0,0,0,1,0,0,0,1,0,0,0,1,0,1,0,0,1,0,0,0,1,0
0.0,-0.279595156334719,0.0,0.5,0.0,0.7857142857142857,0.0,0.0,0.0,0,1,0,1,0,0,0,0,0,0,0,0,0,0,1,0,0,0,0,0,1,0,0,0,0,1,0,1,0,0,1,0,0,1,0
-0.5,-0.585035243086933,0.0,-0.5,0.0,0.35714285714285715,0.0,-1.0,1.0,0,1,1,1,0,0,0,0,1,0,0,0,0,0,1,0,0,0,0,0,1,0,0,0,0,1,1,0,0,0,0,1,0,1,0
1.0,1.0509669257184169,1.0,0.5,-0.5,-0.35714285714285715,1.0,-1.0,0.0,0,1,0,0,0,0,1,0,0,0,1,0,0,0,0,0,0,0,0,0,1,0,0,0,1,0,0,1,0,0,1,1,0,1,0
0.0,-0.2691125971444063,0.0,0.5,0.5,0.9285714285714286,1.0,0.0,0.0,0,1,1,0,0,1,1,0,0,0,0,0,0,0,0,0,1,0,0,0,0,1,0,0,0,1,0,1,0,0,1,1,0,1,0
-0.75,0.452015181637448,0.0,-1.0,-0.5,-0.5,0.0,0.0,1.0,0,0,1,0,0,1,0,0,1,0,1,0,0,0,0,0,0,0,0,0,0,0,0,0,0,1,1,0,0,1,0,1,0,0,1
0.5,0.7317910717513103,0.0,-1.0,0.5,1.0714285714285714,0.0,-1.0,0.0,1,1,1,0,0,0,0,0,1,0,0,0,0,0,1,0,0,0,0,0,0,0,1,0,0,0,0,1,0,0,0,1,0,1,0
0.0,-0.1411530815109344,0.0,-0.5,0.5,-0.7142857142857143,1.0,-1.0,0.0,0,1,1,1,0,0,0,0,1,0,0,0,0,0,0,0,1,0,0,0,0,0,1,0,1,0,0,1,0,0,1,1,0,0,1
0.0,-0.017531176576902223,0.0,0.0,0.0,-0.35714285714285715,1.0,0.0,0.0,0,1,0,0,0,0,0,0,0,1,1,0,0,0,0,0,0,0,0,0,0,0,0,0,0,0,0,1,0,0,1,1,0,1,0
0.5,0.8709560816916682,0.0,-0.5,0.5,-0.5714285714285714,0.0,-1.0,0.0,0,1,0,0,0,0,1,0,0,0,0,0,0,0,1,0,0,0,0,0,1,0,0,0,0,0,0,1,0,0,1,0,0,1,0
1.0,0.0023495391288631843,0.0,0.5,-0.5,-0.21428571428571427,0.0,-1.0,0.0,0,1,1,0,0,1,0,0,1,0,0,0,0,0,0,0,1,0,0,1,0,0,0,0,0,1,0,1,0,0,1,0,0,1,0
0.0,-0.3197180553045364,0.0,0.5,0.5,-0.07142857142857142,1.0,-1.0,1.0,0,1,0,1,0,0,0,0,0,0,1,0,0,0,0,0,0,0,0,0,1,0,0,0,0,1,0,1,1,0,0,1,0,0,0
1.5,1.9983733959877101,0.0,0.5,-0.5,-0.5714285714285714,1.0,0.0,0.0,1,1,0,0,0,1,1,0,0,0,1,0,0,0,0,0,0,0,0,0,1,0,0,0,0,0,0,1,0,1,0,0,1,1,0
0.25,0.24091812759804807,0.0,0.0,-0.5,-0.35714285714285715,1.0,-1.0,0.0,0,1,1,0,0,1,0,1,0,0,0,1,0,0,0,0,0,0,0,0,1,0,0,0,0,1,0,1,0,1,0,0,1,1,0
0.5,-0.14151454906922104,0.0,0.5,0.5,-0.14285714285714285,1.0,0.0,0.0,1,1,0,0,0,0,1,0,0,0,0,0,1,0,0,0,0,0,0,0,1,0,0,1,0,0,0,1,0,1,0,1,0,1,0
0.5,-0.378998734863546,0.0,0.5,-1.0,0.21428571428571427,0.0,-1.0,0.0,1,1,1,0,0,1,0,0,1,0,0,0,0,0,0,0,1,0,0,0,1,0,0,0,0,1,0,1,0,1,0,1,0,1,0
-0.5,-0.384059280679559,0.0,0.5,0.5,1.7142857142857142,0.0,-1.0,0.0,0,1,1,0,0,1,1,0,0,0,0,0,1,0,0,0,0,0,0,0,0,0,1,0,0,1,0,1,1,0,0,1,0,0,1
1.0,2.9989155973251402,0.0,0.0,0.5,0.35714285714285715,2.0,-1.0,1.0,1,1,1,1,0,0,1,0,0,0,0,1,0,0,0,0,0,0,0,0,1,0,0,0,0,1,0,1,1,0,0,1,0,0,0
2.5,1.379540936200976,0.0,0.5,0.5,1.7857142857142858,1.0,-1.0,0.0,0,1,0,1,0,0,1,0,0,0,0,1,0,0,0,0,0,0,0,0,1,0,0,0,0,0,0,1,1,0,0,0,1,0,0
-0.25,0.44876197361286824,0.0,0.5,-0.5,1.5,0.0,-1.0,0.0,1,1,1,0,0,1,0,0,1,0,0,0,0,0,0,0,1,0,0,0,1,0,0,0,0,0,0,1,0,0,1,0,0,0,1
0.5,0.5170793421290439,0.0,0.5,0.5,2.0714285714285716,0.0,0.0,0.0,1,1,1,0,0,1,0,0,1,0,1,0,0,0,0,0,0,0,0,0,1,0,0,0,0,0,0,0,1,0,0,1,0,0,0
0.5,0.18380625338875836,0.0,0.0,0.5,1.4285714285714286,0.0,0.0,0.0,0,1,1,0,0,1,0,0,1,0,0,0,0,0,1,0,0,0,0,1,0,0,0,0,0,1,0,1,0,0,0,1,0,1,0
-0.5,-0.29947587204048437,0.0,0.5,-1.0,-0.7142857142857143,0.0,0.0,0.0,0,1,1,1,0,0,0,0,1,0,0,0,0,0,0,0,1,0,0,0,1,0,0,0,0,0,0,1,0,0,1,0,0,1,0
0.5,-0.34538225194288813,0.0,0.5,0.5,-0.5714285714285714,0.0,0.0,0.0,0,1,0,1,0,0,0,0,1,0,1,0,0,0,0,0,0,0,0,0,0,0,1,0,0,0,0,1,0,1,0,1,0,0,1
1.0,0.07066690764503886,0.0,-1.0,0.0,0.42857142857142855,0.0,0.0,1.0,0,1,1,1,0,0,0,0,1,0,0,0,0,0,0,0,1,0,0,0,1,0,0,0,0,1,1,0,0,0,0,1,0,1,0
0.5,-0.20657870956081692,0.0,0.5,0.5,1.7857142857142858,0.0,-1.0,0.0,1,1,1,1,0,0,0,0,1,0,0,0,0,0,0,1,0,0,0,0,1,0,0,0,0,0,1,0,0,1,0,1,0,1,0
0.0,-0.13970721127778782,0.0,0.0,0.5,0.21428571428571427,0.0,-1.0,0.0,1,1,1,1,0,0,0,0,0,0,0,0,0,0,0,0,1,0,0,0,1,0,0,0,0,1,0,0,1,0,0,0,0,0,0
-0.5,0.2882703777335984,0.0,-1.0,0.0,1.1428571428571428,1.0,-1.0,1.0,0,1,1,0,0,0,1,0,0,0,1,0,0,0,0,0,0,0,0,0,1,0,0,0,0,1,0,1,0,1,0,0,0,1,0
-0.75,-0.3912886318452919,0.0,0.5,0.5,0.5714285714285714,1.0,-1.0,0.0,0,1,1,0,0,1,1,0,0,0,0,0,0,1,0,0,0,0,0,0,0,0,1,0,0,0,0,1,0,0,0,1,0,0,1
1.5,0.1783842400144587,0.0,0.5,0.5,-0.42857142857142855,1.0,0.0,0.0,0,1,0,0,0,0,1,0,0,0,1,0,0,0,0,0,0,0,0,0,1,0,0,1,0,0,0,1,0,0,1,1,0,1,0
-1.0,-0.20838604735225014,0.0,-0.5,0.5,0.8571428571428571,0.0,-1.0,1.0,0,1,1,0,0,1,0,0,0,0,0,0,0,0,0,0,1,0,0,1,0,0,0,0,0,1,0,1,0,0,0,0,0,1,0
-0.5,-0.3988794505693114,0.0,-1.0,-1.0,0.9285714285714286,1.0,0.0,0.0,0,1,0,0,0,0,0,0,1,0,1,0,0,0,0,0,0,0,0,0,1,0,0,1,0,0,0,1,0,1,0,1,0,0,1
-1.0,-0.600216880534972,0.0,0.0,0.5,0.42857142857142855,1.0,-1.0,0.0,1,1,1,1,0,0,1,0,0,0,1,0,0,0,0,0,0,0,0,0,0,1,0,0,0,0,0,1,0,1,0,1,0,1,0
-0.75,-0.5091270558467378,0.0,0.5,-1.0,-0.21428571428571427,0.0,0.0,0.0,0,1,0,0,0,0,0,0,1,0,0,0,0,0,1,0,0,0,0,0,1,0,0,0,0,0,0,1,0,0,0,1,0,1,0
-0.5,-0.37429965660581965,0.0,0.5,-0.5,0.14285714285714285,1.0,0.0,0.0,0,1,1,0,0,1,1,0,0,0,0,0,0,0,0,0,1,0,0,0,1,0,0,0,0,0,0,1,0,0,0,1,0,1,0
1.5,1.8454726188324597,0.0,-0.5,-0.5,1.5,0.0,0.0,0.0,0,1,1,0,0,0,0,1,0,0,1,0,0,0,0,0,0,0,0,0,1,0,0,0,0,0,0,1,0,0,0,1,0,0,1
2.5,3.557744442436291,1.0,0.5,0.5,0.21428571428571427,0.0,-1.0,0.0,1,1,1,0,0,0,0,0,0,0,1,0,0,0,0,0,0,0,0,0,0,0,1,0,0,1,0,0,1,0,0,1,0,0,0
1.5,2.393095969636725,0.0,0.0,-0.5,-0.14285714285714285,0.0,-1.0,1.0,1,1,1,0,0,1,0,1,0,0,0,1,0,0,0,0,0,0,0,0,0,0,1,0,0,1,0,1,0,0,1,0,1,1,0
2.5,1.1041026567865535,1.0,0.0,0.5,0.5,0.0,-1.0,0.0,1,1,1,0,0,0,0,0,1,0,0,0,0,0,0,1,0,0,0,0,0,0,1,0,0,1,0,1,1,0,0,0,0,0,0
0.0,-0.4617748057111874,0.0,0.5,0.5,-0.8571428571428571,0.0,0.0,0.0,0,1,1,1,0,0,1,0,0,0,0,0,0,0,1,0,0,0,0,0,1,0,0,0,0,0,0,1,0,0,0,1,0,0,1
0.0,-0.35478040845834086,0.0,0.5,0.0,-0.5,0.0,0.0,0.0,0,1,0,1,0,0,0,0,1,0,0,0,0,0,0,0,1,0,0,0,1,0,0,0,1,0,0,1,0,1,0,0,0,1,0
0.5,-0.36707030544008673,0.0,0.5,0.0,-0.5,0.0,0.0,0.0,1,1,1,0,0,1,0,0,1,0,0,0,0,0,0,0,1,0,0,0,0,0,0,0,1,0,0,1,0,0,0,1,0,1,0
1.8333333333333333,1.3271281402494126,0.0,0.5,0.0,-0.42857142857142855,0.0,0.0,0.0,1,1,0,1,0,0,1,0,0,0,0,0,0,1,0,0,0,0,0,0,1,0,0,0,0,1,0,1,1,0,0,0,0,1,0
1.5,2.424543647207663,0.0,0.5,-1.0,-0.2857142857142857,0.0,-1.0,0.0,1,1,0,0,0,0,0,0,1,0,0,0,0,0,1,0,0,0,0,0,0,0,0,0,0,1,0,0,1,0,0,1,0,0,1
-0.25,0.11006687149828302,0.0,0.0,-0.5,-0.5714285714285714,0.0,-1.0,0.0,0,1,1,0,0,0,0,0,1,0,0,0,0,0,0,0,0,1,0,0,0,0,0,0,0,0,0,1,0,1,0,1,0,1,0
-0.5,-0.39273450207843846,0.0,0.5,-0.5,0.35714285714285715,1.0,0.0,0.0,1,1,1,0,0,1,1,0,0,0,0,0,0,0,0,0,1,0,0,0,0,0,1,0,0,0,0,1,0,1,0,1,0,1,0
2.5,0.5973251400686789,0.0,0.5,-1.0,0.5714285714285714,1.0,0.0,1.0,1,1,1,0,0,0,0,0,1,0,0,0,0,0,0,0,1,0,0,0,0,0,1,0,0,1,0,1,0,0,1,1,0,1,0
-0.5,0.4787637809506597,0.0,-1.0,0.0,-0.14285714285714285,0.0,0.0,1.0,0,1,1,1,0,0,0,0,1,0,1,0,0,0,0,0,0,0,0,0,0,1,0,0,0,1,0,1,0,0,0,1,0,1,0
3.5,1.8404120730164468,0.0,-1.0,-1.0,-0.42857142857142855,0.0,-1.0,0.0,0,1,1,0,0,0,0,1,0,0,0,0,0,0,0,0,1,0,0,0,0,0,1,0,0,1,0,1,0,1,0,1,0,1,0
-0.25,0.9826495572022411,0.0,-1.0,0.5,1.8571428571428572,0.0,0.0,0.0,1,1,1,0,0,1,1,0,0,0,1,0,0,0,0,0,0,0,0,0,0,0,1,0,0,0,0,1,0,0,1,1,0,1,0
-0.25,0.06669076450388578,1.0,-1.0,0.5,-0.7142857142857143,0.0,0.0,0.0,0,1,1,1,0,0,0,0,1,0,1,0,0,0,0,0,0,0,0,0,1,0,0,0,0,0,0,1,0,0,1,1,0,0,1
0.5,0.03524308693294777,0.0,0.5,0.5,1.4285714285714286,1.0,0.0,0.0,0,1,1,0,0,1,1,0,0,0,0,0,0,0,0,0,1,0,0,0,0,0,1,0,0,1,0,1,0,0,0,1,0,1,0
-0.25,-0.05078619193927345,0.0,-1.0,0.5,0.0,0.0,-1.0,0.0,0,1,1,0,0,1,0,0,1,0,0,0,0,0,1,0,0,0,0,0,0,0,1,0,0,0,0,1,0,1,0,0,0,0,1
0.16666666666666666,-0.04138803542382071,0.0,0.5,0.5,0.42857142857142855,0.0,0.0,0.0,1,1,1,1,0,0,0,0,1,0,0,0,0,0,1,0,0,0,0,0,0,0,1,0,0,1,0,1,0,0,1,1,0,1,0
2.0,0.7386589553587566,0.0,0.0,-0.5,-0.5,1.0,0.0,1.0,1,1,0,1,0,0,0,1,0,0,0,0,0,0,0,0,1,0,0,0,1,0,0,0,0,1,0,1,0,0,0,0,0,1,0
-1.0,0.43068859569853607,0.0,-0.5,0.0,-0.5,0.0,0.0,0.0,0,1,1,0,0,1,0,0,1,0,1,0,0,0,0,0,0,0,0,0,1,0,0,0,0,1,1,0,0,0,0,1,0,0,1
-0.75,-0.4303271281402494,0.0,0.5,0.0,-0.07142857142857142,1.0,0.0,1.0,0,1,0,0,0,0,1,0,0,0,0,0,0,1,0,0,0,0,0,0,0,1,0,0,0,1,0,1,1,0,0,1,0,0,0
-0.5,0.36309416229893365,0.0,-0.5,0.5,0.6428571428571429,0.0,0.0,0.0,0,1,1,0,0,1,1,0,0,0,0,0,0,0,1,0,0,0,0,0,1,0,0,0,0,1,0,1,0,0,0,0,1,1,0
0.25,-0.030905476233508044,0.0,0.5,-0.5,1.2142857142857142,1.0,0.0,0.0,0,1,1,0,0,1,0,0,1,0,0,0,0,0,1,0,0,0,0,0,1,0,0,0,0,1,0,1,0,1,0,1,0,1,0
2.5,1.4088198084221941,0.0,0.5,0.5,1.2142857142857142,0.0,0.0,0.0,0,1,0,0,0,0,0,1,0,0,0,0,0,1,0,0,0,0,0,0,1,0,0,0,0,1,0,1,1,0,0,1,0,0,0
1.5,3.7178745707572745,0.0,-1.0,0.5,1.0,0.0,0.0,1.0,1,1,0,0,0,0,0,0,1,0,0,0,0,1,0,0,0,0,0,0,0,0,0,0,0,1,0,1,1,0,0,1,0,0,0
2.5,2.759262606181095,0.0,-1.0,-0.5,-0.5,0.0,0.0,0.0,1,1,0,0,0,0,0,0,1,0,0,0,0,0,1,0,0,0,0,0,1,0,0,0,0,0,0,1,0,0,1,1,0,1,0
2.5,1.3101391650099403,0.0,-0.5,-0.5,-0.7857142857142857,0.0,0.0,0.0,0,1,0,0,0,0,0,0,1,0,0,0,0,0,0,0,1,0,0,0,1,0,0,0,0,0,0,1,0,1,0,1,0,1,0
0.0,0.3204409904211097,0.0,-1.0,0.0,-0.5714285714285714,0.0,0.0,0.0,0,1,1,0,0,0,0,0,1,0,0,0,0,0,0,0,1,0,0,1,0,0,0,0,1,0,0,1,0,1,0,1,0,0,1
-0.5,0.09090909090909091,1.0,0.0,0.5,1.5714285714285714,0.0,-1.0,0.0,0,1,1,1,0,0,0,0,1,0,0,0,0,0,1,0,0,0,0,0,1,0,0,0,0,0,0,1,1,0,0,1,0,0,0
1.5,0.36960057834809323,0.0,0.5,-0.5,-0.35714285714285715,0.0,-1.0,0.0,1,1,0,0,0,1,0,0,1,0,0,0,0,0,1,0,0,0,0,0,1,0,0,0,0,0,0,1,0,0,1,1,0,1,0
-0.5,-0.44297849268028194,0.0,0.0,-0.5,-0.42857142857142855,1.0,0.0,0.0,1,1,1,0,0,1,0,0,1,0,1,0,0,0,0,0,0,0,0,0,1,0,0,0,1,0,0,1,0,1,0,1,0,1,0
-1.0,-0.34140610880173505,0.0,-1.0,-1.0,-0.35714285714285715,1.0,0.0,0.0,1,1,1,0,0,1,1,0,0,0,0,0,0,0,0,0,1,0,0,0,1,0,0,0,0,0,0,1,0,0,1,1,0,1,0
0.5,1.2349539128863185,0.0,-0.5,0.5,-0.6428571428571429,1.0,0.0,0.0,1,1,1,0,0,0,1,0,0,0,0,0,0,1,0,0,0,0,0,0,1,0,0,0,0,0,0,1,1,0,0,1,0,0,0
1.0,2.190312669437918,0.0,-0.5,-0.5,1.1428571428571428,0.0,0.0,0.0,0,1,0,0,0,0,1,0,0,0,0,0,0,0,1,0,0,0,0,0,1,0,0,0,0,1,0,1,0,0,0,1,0,1,0
-0.5,-0.3847822157961323,0.0,-0.5,0.5,1.1428571428571428,0.0,-1.0,0.0,1,1,1,1,0,0,0,0,1,0,0,0,0,0,1,0,0,0,0,0,0,0,1,1,0,0,0,1,0,0,0,1,0,1,0
2.5,2.3609253569492137,0.0,-0.5,-1.0,0.14285714285714285,1.0,0.0,0.0,1,1,1,0,0,1,1,0,0,0,0,1,0,0,0,0,0,0,0,0,0,0,1,0,0,1,0,1,1,0,0,1,0,0,0
0.0,-0.5698536056388939,1.0,0.5,-1.0,-0.42857142857142855,0.0,-1.0,0.0,0,1,0,1,0,0,0,0,1,0,0,0,0,1,0,0,0,0,0,0,1,0,0,0,0,0,0,1,0,1,0,1,0,1,0
-0.25,-0.6992589915055124,0.0,0.5,0.5,-0.7142857142857143,0.0,0.0,0.0,1,1,1,0,1,0,0,0,1,0,0,0,0,1,0,0,0,0,0,0,1,0,0,0,0,0,0,1,0,0,0,1,0,0,1
1.5,-0.18344478583047172,0.0,0.5,0.5,0.2857142857142857,0.0,0.0,0.0,1,1,0,0,0,1,0,0,1,0,0,0,0,1,0,0,0,0,0,0,1,0,0,0,0,1,0,1,1,0,0,0,1,0,0
3.5,2.4690041568769203,0.0,-0.5,-0.5,-0.42857142857142855,0.0,-1.0,0.0,0,1,1,0,0,0,0,1,0,0,0,0,0,0,0,0,1,0,0,0,0,0,1,0,0,1,0,1,1,0,0,1,0,0,0
-0.3333333333333333,2.404301463943611,0.0,-1.0,0.5,0.8571428571428571,0.0,-1.0,0.0,1,0,0,1,0,0,0,0,1,0,1,0,0,0,0,0,0,0,0,0,1,0,0,1,0,0,0,1,0,0,0,1,0,1,0
-1.0,-0.362732694740647,0.0,-0.5,0.5,-0.35714285714285715,1.0,0.0,1.0,1,1,1,0,1,0,1,0,0,0,1,0,0,0,0,0,0,0,0,0,0,0,0,1,0,0,0,1,0,0,1,1,0,1,0
-0.5,-0.24272546538948128,0.0,-0.5,0.5,2.142857142857143,1.0,-1.0,0.0,1,1,1,0,0,1,1,0,0,0,0,0,0,0,0,0,1,0,0,0,1,0,0,0,0,1,0,1,0,1,0,1,0,1,0
0.5,-0.3862280860292789,0.0,0.0,0.0,1.7142857142857142,0.0,-1.0,0.0,0,1,1,0,1,0,0,0,1,0,0,0,0,0,0,0,1,0,0,1,0,0,0,0,0,0,0,1,0,0,1,1,0,1,0
0.25,-0.2658593891198265,0.0,0.5,0.0,0.07142857142857142,1.0,-1.0,0.0,0,1,1,0,0,1,0,1,0,0,0,0,0,0,1,0,0,0,0,0,0,0,0,0,0,1,0,1,0,1,0,1,0,1,0
-0.5,0.23224290619916862,0.0,0.5,0.0,-0.5714285714285714,1.0,0.0,0.0,0,1,0,0,0,0,0,0,0,1,0,0,0,0,1,0,0,0,0,0,1,0,0,0,0,0,0,1,0,0,0,1,0,0,1
1.5,-0.009940357852882704,0.0,0.5,0.5,0.42857142857142855,0.0,0.0,0.0,0,1,1,0,0,1,0,0,1,0,0,0,0,0,0,0,1,0,0,1,0,0,0,0,0,1,0,1,0,0,1,1,0,1,0
-0.25,-0.27381167540213264,0.0,0.5,0.5,0.07142857142857142,0.0,-1.0,1.0,0,1,1,0,0,1,0,0,0,0,0,0,0,0,0,0,1,0,0,0,0,0,0,0,0,1,0,1,0,0,1,0,0,1,0
1.0,0.5532260979577083,0.0,0.5,0.5,0.5,0.0,-1.0,0.0,1,1,1,1,0,0,0,0,1,0,0,1,0,0,0,0,0,0,0,0,1,0,0,1,0,0,0,1,0,0,0,1,0,1,0
-0.25,-0.38008313753840595,0.0,0.5,-0.5,-0.6428571428571429,0.0,0.0,0.0,0,1,0,1,0,0,0,0,1,0,0,0,0,0,0,0,0,0,0,0,0,0,1,0,0,0,0,1,0,0,1,1,0,0,1
-1.0,4.543466473883969,0.0,-1.0,0.5,2.5,0.0,-1.0,0.0,1,1,0,1,0,0,0,0,1,0,1,0,0,0,0,0,0,0,0,0,1,0,0,0,0,1,0,1,1,0,0,0,0,1,0
-1.0,-0.41839869871679014,0.0,0.5,0.5,2.4285714285714284,1.0,0.0,0.0,1,1,1,1,0,0,1,0,0,0,0,0,0,0,0,0,1,0,0,0,0,0,1,0,0,1,0,1,0,1,0,1,0,1,0
-1.0,-0.7101030182541117,0.0,0.5,0.5,1.3571428571428572,1.0,-1.0,0.0,0,1,1,0,0,1,1,0,0,0,1,0,0,0,0,0,0,0,0,0,0,0,0,0,0,0,0,1,0,0,1,1,0,1,0
-0.6666666666666666,-0.38008313753840595,0.0,0.5,-0.5,-0.7142857142857143,0.0,0.0,0.0,0,1,1,0,1,0,0,0,1,0,0,0,0,0,1,0,0,0,0,0,1,0,0,0,0,0,0,1,0,0,0,1,0,1,0
0.5,0.20585577444424363,0.0,-0.5,-1.0,-0.2857142857142857,0.0,0.0,0.0,0,1,1,0,0,0,0,0,1,0,0,0,0,0,0,0,1,0,0,0,0,0,0,0,0,1,0,1,0,0,1,1,0,1,0
0.5,0.795047894451473,0.0,0.0,-0.5,2.9285714285714284,0.0,-1.0,0.0,1,1,1,0,0,1,1,0,0,0,0,0,1,0,0,0,0,0,0,0,1,0,0,0,0,1,0,1,0,1,0,1,0,1,0
-0.5,-0.42056750406651006,0.0,0.5,0.5,0.7857142857142857,0.0,0.0,0.0,1,1,1,0,0,1,1,0,0,0,1,0,0,0,0,0,0,0,0,1,0,0,0,0,0,1,0,1,0,1,0,1,0,1,0
0.0,-0.4014097234773179,0.0,0.5,0.0,-0.7142857142857143,0.0,0.0,0.0,1,1,0,1,0,0,0,0,1,0,1,0,0,0,0,0,0,0,0,0,1,0,0,0,0,0,0,1,0,0,1,1,0,0,1
1.5,-0.5123802638713175,0.0,0.5,0.5,0.21428571428571427,0.0,0.0,0.0,0,1,1,0,0,1,0,0,1,0,1,0,0,0,0,0,0,0,0,1,0,0,0,0,0,1,0,1,0,0,0,1,0,1,0
0.0,-0.184167720947045,0.0,0.5,-0.5,-0.35714285714285715,1.0,0.0,0.0,0,1,1,0,0,1,1,0,0,0,0,0,0,0,1,0,0,0,0,0,1,0,0,0,0,0,0,1,1,0,0,1,0,1,0
0.0,1.0755467196819086,0.0,-0.5,0.5,0.21428571428571427,2.0,-1.0,0.0,1,1,1,1,0,0,1,0,0,0,1,0,0,0,0,0,0,0,0,0,1,0,0,0,0,1,0,1,1,0,0,1,0,0,0
0.5,0.017531176576902223,0.0,0.5,-0.5,0.7857142857142857,1.0,0.0,1.0,1,1,1,0,0,1,0,1,0,0,0,0,1,0,0,0,0,0,0,1,0,0,0,0,0,1,0,1,0,0,1,1,0,1,0
-0.75,0.2701969998192662,0.0,-1.0,-0.5,0.0,1.0,0.0,1.0,0,1,1,0,0,1,1,0,0,0,0,0,0,0,0,0,1,0,0,0,0,0,1,0,0,1,0,1,0,1,0,1,0,1,0
2.25,0.8131212723658051,1.0,0.0,0.5,-0.42857142857142855,0.0,0.0,0.0,0,1,1,0,0,0,1,0,0,0,0,1,0,0,0,0,0,0,0,0,0,0,0,0,0,1,0,1,0,0,1,1,0,1,0
-0.75,-0.14729803000180733,0.0,0.5,0.0,0.14285714285714285,0.0,0.0,0.0,1,1,1,0,0,0,1,0,0,0,0,0,0,0,1,0,0,0,0,0,1,0,0,0,0,1,0,1,0,0,1,1,0,0,1
-1.0,-0.46141333815290075,1.0,0.5,-1.0,0.14285714285714285,1.0,-1.0,0.0,1,1,1,0,0,0,0,1,0,0,0,0,0,0,1,0,0,0,0,0,1,0,0,0,0,1,0,1,0,0,0,0,1,1,0
0.5,-0.40755467196819084,0.0,0.5,0.5,1.9285714285714286,1.0,-1.0,0.0,0,1,0,1,0,0,1,0,0,0,1,0,0,0,0,0,0,0,0,0,1,0,0,0,0,1,0,1,0,0,1,1,0,1,0
1.5,2.5102114585215975,0.0,-0.5,-1.0,-0.6428571428571429,0.0,0.0,0.0,1,1,0,1,0,0,0,0,1,0,1,0,0,0,0,0,0,0,0,0,1,0,0,0,0,1,0,1,0,0,1,1,0,1,0
0.5,-0.09705403939996385,0.0,0.5,-0.5,0.0,1.0,0.0,0.0,1,1,1,0,0,1,1,0,0,0,0,0,0,0,0,0,0,1,0,0,1,0,0,1,0,0,0,1,0,1,0,1,0,1,0
0.0,0.12018796313030905,0.0,0.5,-0.5,-0.35714285714285715,0.0,0.0,0.0,0,1,1,1,0,0,0,0,1,0,0,0,0,0,1,0,0,0,0,0,0,1,0,0,0,1,0,1,0,0,1,1,0,1,0
-1.0,-0.5044279775890114,0.0,-1.0,-1.0,-0.07142857142857142,0.0,-1.0,0.0,0,1,0,0,0,0,0,0,0,0,1,0,0,0,0,0,0,0,0,0,0,0,0,0,0,0,0,1,0,0,0,0,1,1,0
-0.5,-0.2336887764323152,0.0,0.0,-1.0,0.14285714285714285,0.0,0.0,0.0,0,1,1,1,0,0,0,0,1,0,0,0,0,0,0,0,1,0,0,1,0,0,0,0,1,0,0,1,0,1,0,1,0,1,0
0.5,-0.10789806614856316,0.0,-0.5,-0.5,-0.21428571428571427,1.0,-1.0,0.0,0,1,1,0,0,1,1,0,0,0,0,0,0,0,1,0,0,0,0,0,1,0,0,0,0,1,0,1,0,0,0,1,0,1,0
0.5,-0.38008313753840595,0.0,-0.5,0.5,0.21428571428571427,1.0,0.0,0.0,1,1,1,0,1,0,1,0,0,0,0,0,1,0,0,0,0,0,0,0,0,1,0,1,0,0,0,1,0,1,0,1,0,1,0
2.5,0.2618832459786734,0.0,0.0,0.5,1.5,0.0,0.0,0.0,0,1,0,1,0,0,0,0,1,0,0,0,0,0,0,0,0,0,0,0,1,0,0,0,0,1,0,1,0,0,1,1,0,1,0
-0.75,-0.28104102656786556,0.0,0.5,-0.5,0.14285714285714285,0.0,-1.0,0.0,0,1,1,0,0,0,0,0,1,0,1,0,0,0,0,0,0,0,0,0,0,0,1,0,0,1,0,1,0,1,0,1,0,1,0
-1.0,-0.3938189047532984,0.0,-1.0,-1.0,-0.42857142857142855,1.0,0.0,0.0,0,1,1,0,0,1,1,0,0,0,0,0,0,0,0,0,1,0,0,0,0,0,0,0,0,0,0,1,0,0,0,1,0,1,0
0.5,0.8503524308693294,0.0,0.0,0.0,0.14285714285714285,1.0,-1.0,0.0,1,1,1,0,0,1,0,1,0,0,0,1,0,0,0,0,0,0,0,0,1,0,0,0,0,1,0,1,0,0,1,1,0,1,0
-0.5,-0.5640701247063076,0.0,0.5,0.0,2.357142857142857,0.0,-1.0,0.0,0,1,0,0,0,0,0,0,1,0,0,0,0,0,0,0,1,0,0,1,0,0,0,0,0,1,0,1,0,1,0,1,0,1,0
-0.25,-0.5496114223748418,0.0,0.5,0.5,-0.7857142857142857,0.0,-1.0,0.0,0,1,1,1,0,0,0,0,1,0,0,0,1,0,0,0,0,0,0,0,1,0,0,0,0,0,0,1,0,0,0,1,0,1,0
1.0,0.8156515452738117,0.0,-0.5,-0.5,-0.07142857142857142,1.0,0.0,0.0,0,1,1,1,0,0,0,0,0,1,0,0,0,0,1,0,0,0,0,0,1,0,0,1,0,0,1,0,0,1,0,1,0,1,0
1.5,0.36707030544008673,0.0,0.5,-0.5,1.2857142857142858,0.0,0.0,0.0,1,1,1,0,0,1,1,0,0,0,0,0,0,0,0,0,1,0,0,0,0,0,1,0,0,1,0,1,0,0,1,1,0,1,0
0.0,0.7122718236038316,0.0,0.5,0.0,0.5,0.0,-1.0,0.0,1,1,0,0,0,0,0,1,0,0,0,0,0,0,1,0,0,0,0,0,1,0,0,1,0,0,0,1,1,0,0,1,0,1,0
2.5,2.8810771733236944,0.0,0.5,0.5,0.42857142857142855,2.0,0.0,1.0,1,1,0,1,0,0,0,0,1,0,0,1,0,0,0,0,0,0,0,0,1,0,0,0,0,1,0,1,1,0,0,0,1,0,0
0.0,0.7636002168805349,0.0,-1.0,-1.0,0.0,0.0,-1.0,0.0,1,1,1,0,0,0,0,0,1,0,0,0,1,0,0,0,0,0,0,0,1,0,0,0,0,1,0,0,0,1,0,0,0,1,0
0.5,0.6660039761431411,0.0,0.5,0.5,-0.35714285714285715,0.0,0.0,0.0,0,1,1,1,0,0,0,0,1,0,0,0,0,0,1,0,0,0,0,0,1,0,0,0,0,1,0,1,0,0,0,1,0,1,0
-0.5,-0.44225555756370866,0.0,0.5,0.0,-0.2857142857142857,1.0,0.0,0.0,0,0,1,0,0,0,0,0,1,0,0,0,0,0,0,0,1,0,0,0,1,0,0,0,0,1,1,0,0,1,0,1,0,1,0
0.5,0.17549249954816556,0.0,-0.5,0.5,-0.5,0.0,0.0,0.0,0,1,1,1,0,0,0,0,1,0,0,1,0,0,0,0,0,0,0,0,0,0,1,0,0,0,0,1,0,1,0,1,0,0,1
0.0,-0.19212000722935116,0.0,0.0,0.5,1.0714285714285714,1.0,-1.0,0.0,1,1,1,0,0,0,1,0,0,0,0,0,0,0,0,0,1,0,0,0,1,0,0,0,0,0,1,0,0,1,0,0,0,0,1
0.5,0.5553949033074281,0.0,-1.0,-0.5,-0.07142857142857142,0.0,0.0,0.0,0,1,1,0,0,1,0,1,0,0,0,0,1,0,0,0,0,0,0,0,1,0,0,0,0,1,0,1,1,0,0,1,0,0,0
0.25,-0.013916500994035786,0.0,0.5,0.5,-0.7142857142857143,0.0,0.0,0.0,1,1,1,0,0,1,1,0,0,0,0,0,0,0,1,0,0,0,0,0,1,0,0,0,0,0,0,1,0,0,0,1,0,1,0
2.5,1.3676125067775167,0.0,-1.0,0.0,-0.14285714285714285,0.0,0.0,0.0,1,1,1,0,0,1,1,0,0,0,0,0,0,1,0,0,0,0,0,0,1,0,0,0,0,1,0,1,1,0,0,0,0,0,0
-0.25,-0.3493583950840412,0.0,0.5,-0.5,-0.14285714285714285,1.0,0.0,0.0,0,1,1,0,0,1,1,0,0,0,0,0,0,0,0,0,1,0,0,0,1,0,0,0,0,1,0,1,0,0,0,1,0,1,0
1.0,0.46828122176034703,0.0,0.5,0.5,1.7142857142857142,1.0,0.0,0.0,1,1,1,1,0,0,0,0,1,0,0,0,0,0,1,0,0,0,0,0,0,1,0,0,0,0,0,1,0,0,0,1,0,0,1
2.5,0.1534429784926803,0.0,0.5,0.0,0.35714285714285715,1.0,0.0,1.0,1,1,1,0,0,1,1,0,0,0,0,1,0,0,0,0,0,0,0,0,0,0,1,0,0,1,0,1,0,0,1,1,0,1,0
-0.5,-0.4856316645581059,0.0,-1.0,0.5,-1.0,0.0,-1.0,0.0,0,1,1,0,0,0,0,0,1,0,0,0,0,0,1,0,0,0,0,0,0,1,0,0,0,0,0,1,0,1,0,1,0,0,1
-0.5,-0.4408096873305621,0.0,-0.5,-0.5,-0.9285714285714286,0.0,-1.0,1.0,1,1,1,1,0,0,0,0,1,0,0,0,0,0,0,0,1,0,0,0,1,0,0,0,0,1,0,1,0,1,0,1,0,0,1
1.5,1.5497921561539851,0.0,0.5,0.5,0.07142857142857142,1.0,-1.0,0.0,1,1,1,0,0,1,1,0,0,0,1,0,0,0,0,0,0,0,0,0,1,0,0,0,0,1,0,1,0,0,1,1,0,1,0
1.5,2.4321344659316826,0.0,-0.5,0.5,0.14285714285714285,0.0,-1.0,1.0,1,1,1,0,0,1,0,0,1,0,0,0,0,1,0,0,0,0,0,0,0,0,1,0,0,1,0,1,1,0,0,1,0,0,0
0.5,1.8313753840592806,0.0,-1.0,0.5,0.7142857142857143,0.0,-1.0,1.0,0,1,1,0,0,1,0,0,1,0,1,0,0,0,0,0,0,0,0,0,1,0,0,0,0,1,0,1,0,0,0,1,0,1,0
0.5,0.14151454906922104,0.0,0.0,0.5,-0.9285714285714286,0.0,-1.0,0.0,1,1,0,0,0,0,0,0,1,0,1,0,0,0,0,0,0,0,0,0,1,0,0,0,0,0,0,1,0,0,0,1,0,0,1
-0.25,-0.40249412615217783,0.0,0.5,0.0,1.0,0.0,0.0,0.0,1,1,1,0,0,1,0,0,1,0,0,0,0,0,0,0,1,0,0,1,0,0,0,0,0,1,0,1,0,0,0,0,1,1,0
0.5,0.3988794505693114,0.0,0.0,-0.5,-0.14285714285714285,0.0,0.0,1.0,1,1,1,0,0,1,0,0,1,0,0,0,0,0,0,0,1,0,0,1,0,0,0,0,0,1,0,1,0,0,1,1,0,1,0
-0.5,-0.33056208205313575,0.0,0.5,-0.5,-0.2857142857142857,1.0,-1.0,0.0,1,1,1,0,0,1,1,0,0,0,0,0,1,0,0,0,0,0,0,0,1,0,0,0,0,0,1,0,0,1,0,1,0,1,0
-0.5,-0.30598228808964395,1.0,-0.5,0.5,2.357142857142857,2.0,-1.0,0.0,0,1,1,0,1,0,1,0,0,0,1,0,0,0,0,0,0,0,0,1,0,0,0,0,0,1,0,1,1,0,0,0,0,0,0
1.5,0.5452738116754021,0.0,-0.5,0.5,0.8571428571428571,0.0,-1.0,0.0,1,1,1,0,0,1,0,0,1,0,0,0,0,0,0,0,1,0,0,0,0,0,1,0,0,0,0,1,0,1,0,1,0,1,0
0.5,0.6920296403397795,0.0,-1.0,0.5,0.21428571428571427,2.0,-1.0,0.0,1,1,0,0,0,0,0,0,0,1,0,0,1,0,0,0,0,0,0,0,1,0,0,0,0,1,0,1,0,1,0,1,0,1,0
1.5,1.2555575637086571,0.0,0.0,0.5,0.07142857142857142,1.0,0.0,0.0,1,1,1,0,0,0,1,0,0,0,0,1,0,0,0,0,0,0,0,0,1,0,0,0,0,1,0,1,0,0,1,1,0,1,0
-0.5,-0.1198264955720224,0.0,0.5,-1.0,-0.42857142857142855,0.0,0.0,0.0,0,1,1,0,0,0,1,0,0,0,1,0,0,0,0,0,0,0,0,0,0,0,0,0,0,1,0,1,0,0,1,1,0,1,0
-0.5,-0.5651545273811676,0.0,0.5,-1.0,-0.5,0.0,0.0,0.0,1,1,1,0,0,1,0,0,1,0,0,0,0,0,1,0,0,0,0,0,1,0,0,0,0,0,0,1,0,1,0,1,0,1,0
0.5,-0.5022591722392915,0.0,0.5,0.0,-0.42857142857142855,1.0,-1.0,0.0,0,1,1,0,0,1,0,0,1,0,0,0,0,0,0,0,0,0,1,0,1,0,0,0,1,0,0,1,0,0,1,1,0,1,0
-0.5833333333333334,0.5705765407554672,0.0,-0.5,-0.5,0.21428571428571427,1.0,0.0,1.0,0,1,1,1,0,0,1,0,0,0,1,0,0,0,0,0,0,0,0,0,1,0,0,0,0,1,0,1,0,1,0,1,0,0,1
-0.5,-0.1693475510572926,0.0,0.5,-1.0,-0.7857142857142857,0.0,0.0,0.0,0,1,1,1,0,0,0,0,1,0,0,0,0,0,1,0,0,0,0,0,1,0,0,0,0,0,0,1,0,0,1,1,0,0,1
0.0,0.09886137719139708,0.0,0.5,0.5,2.2857142857142856,1.0,0.0,0.0,0,1,0,1,0,0,0,0,1,0,0,0,0,0,0,0,1,0,0,0,1,0,0,0,0,1,0,1,1,0,0,1,0,0,0
-0.6666666666666666,-0.558648111332008,0.0,0.5,0.5,2.142857142857143,1.0,0.0,0.0,1,1,1,0,1,0,1,0,0,0,1,0,0,0,0,0,0,0,0,0,1,0,0,0,0,1,0,1,1,0,0,1,0,0,0
0.75,0.041749502982107355,0.0,0.5,0.5,0.7142857142857143,3.0,-1.0,1.0,1,1,1,1,0,0,1,0,0,0,0,0,1,0,0,0,0,0,0,0,1,0,0,0,0,1,0,1,0,0,1,0,1,1,0
-0.5,-0.5199710825953371,0.0,0.5,0.5,0.5714285714285714,0.0,-1.0,1.0,0,1,0,0,0,0,0,0,1,0,1,0,0,0,0,0,0,0,0,0,1,0,0,0,0,1,0,1,0,0,1,0,0,1,0
-1.0,-0.6208205313573106,0.0,0.5,0.0,0.2857142857142857,1.0,0.0,0.0,0,0,1,1,0,0,1,0,0,0,1,0,0,0,0,0,0,0,0,0,1,0,0,0,0,0,0,1,0,0,0,1,0,1,0
-0.5,-0.3012832098319176,0.0,0.5,0.0,0.07142857142857142,0.0,0.0,1.0,0,1,1,0,0,1,0,0,1,0,0,0,0,0,0,0,1,0,0,0,1,0,0,0,0,0,0,1,0,0,1,1,0,1,0
-1.0,-0.6016627507681186,0.0,0.0,0.5,0.5714285714285714,0.0,-1.0,1.0,1,1,1,1,0,0,0,0,1,0,1,0,0,0,0,0,0,0,0,0,1,0,0,0,0,1,0,1,0,1,0,1,0,1,0
0.5,-0.47081149466835354,0.0,0.5,0.5,1.0714285714285714,0.0,0.0,0.0,0,1,0,1,0,0,0,1,0,0,0,0,0,0,0,0,1,0,0,0,1,0,0,0,1,0,0,1,0,1,0,0,1,1,0
-0.75,-0.44984637628772817,0.0,0.5,0.5,-0.42857142857142855,1.0,-1.0,0.0,0,1,1,0,0,0,0,0,1,0,0,0,0,0,0,0,1,0,0,0,1,0,0,0,0,1,0,1,0,0,1,1,0,1,0
2.4166666666666665,3.0347008855955178,0.0,-1.0,-1.0,0.14285714285714285,0.0,-1.0,0.0,1,1,1,1,0,0,0,0,1,0,1,0,0,0,0,0,0,0,0,0,1,0,0,0,0,0,0,1,0,1,0,1,0,1,0
-0.25,-0.48852340502439906,0.0,-0.5,0.0,-0.5714285714285714,1.0,0.0,0.0,0,1,1,1,0,0,1,0,0,0,0,0,0,0,1,0,0,0,0,0,1,0,0,1,0,0,0,1,0,0,0,1,0,1,0
1.5,0.6808241460328935,0.0,0.5,-0.5,-0.5,0.0,0.0,0.0,0,1,0,0,1,0,0,0,1,0,0,0,0,0,0,0,1,0,0,0,1,0,0,0,0,1,0,1,0,0,1,1,0,1,0
1.5,2.6190131935658774,0.0,-1.0,-1.0,-0.35714285714285715,1.0,0.0,0.0,0,1,0,0,0,1,0,1,0,0,0,0,1,0,0,0,0,0,0,0,1,0,0,1,0,0,0,1,0,0,1,1,0,1,0
1.5,1.6705223206217241,0.0,-0.5,-0.5,0.14285714285714285,0.0,-1.0,0.0,1,1,1,0,0,0,0,0,1,0,0,1,0,0,0,0,0,0,0,0,1,0,0,0,0,1,0,1,0,0,1,1,0,0,1
1.5,1.223386951021146,0.0,0.5,-0.5,0.35714285714285715,1.0,-1.0,0.0,1,1,1,0,0,1,1,0,0,0,0,1,0,0,0,0,0,0,0,0,0,1,0,0,0,1,0,1,0,0,1,1,0,1,0
-0.6666666666666666,-0.35405747334176757,0.0,0.5,-0.5,-0.42857142857142855,1.0,0.0,0.0,1,1,1,0,1,0,1,0,0,0,0,0,0,0,0,0,1,0,0,0,0,0,1,0,0,1,0,1,0,0,0,1,0,1,0
2.5,3.1210916320260256,0.0,-1.0,-0.5,-0.42857142857142855,1.0,0.0,0.0,1,1,0,0,0,0,0,0,1,0,0,0,0,0,0,0,1,0,0,0,0,1,0,0,0,1,0,0,1,0,0,0,0,1,0
1.25,0.7064883426712453,0.0,-1.0,0.5,-0.7142857142857143,1.0,0.0,0.0,0,1,0,1,0,0,1,0,0,0,0,0,0,0,1,0,0,0,0,1,0,0,0,0,0,0,0,1,0,0,1,1,0,1,0
0.0,-0.29694559913247787,0.0,0.5,-0.5,-0.07142857142857142,0.0,-1.0,0.0,1,1,1,0,0,1,0,0,1,0,0,0,0,0,0,0,1,0,0,0,1,0,0,0,0,1,0,1,1,0,0,1,0,0,0
-0.6666666666666666,0.20766311223567685,0.0,-1.0,0.5,-0.14285714285714285,0.0,0.0,0.0,0,1,1,0,0,1,0,0,1,0,0,1,0,0,0,0,0,0,0,0,0,0,1,0,0,0,0,1,0,1,0,1,0,0,1
-0.5,-0.07428158322790529,0.0,0.5,-0.5,-0.21428571428571427,1.0,0.0,0.0,0,1,1,1,0,0,1,0,0,0,1,0,0,0,0,0,0,0,0,0,1,0,0,0,0,1,0,1,0,0,0,1,0,1,0
-0.5833333333333334,0.8836074462317007,0.0,-0.5,0.5,1.2857142857142858,0.0,0.0,0.0,0,1,1,0,0,0,0,1,0,0,0,0,0,0,0,0,1,0,0,0,1,0,0,0,0,1,0,1,0,0,0,1,0,1,0
2.5,2.8196276884149647,0.0,-0.5,-0.5,0.7857142857142857,0.0,0.0,0.0,0,1,0,0,0,1,1,0,0,0,1,0,0,0,0,0,0,0,0,1,0,0,0,0,0,1,0,1,1,0,0,0,0,0,0
-0.5,-0.7017892644135189,0.0,0.5,0.0,1.7857142857142858,3.0,-1.0,0.0,1,1,1,1,0,0,1,0,0,0,0,0,0,0,0,0,1,0,0,0,1,0,0,0,0,0,0,1,0,1,0,1,0,1,0
2.5,1.8996927525754563,1.0,-0.5,0.5,-0.14285714285714285,0.0,-1.0,0.0,1,1,1,0,0,0,0,1,0,0,0,0,0,0,0,1,0,0,0,0,0,0,0,0,0,1,0,1,1,0,0,1,0,0,0
-0.6666666666666666,0.5864811133200796,0.0,-1.0,-1.0,0.2857142857142857,0.0,-1.0,1.0,0,1,1,0,1,0,0,0,1,0,1,0,0,0,0,0,0,0,0,0,1,0,0,0,0,1,1,0,0,0,0,1,0,1,0
1.5,1.234592445328032,0.0,-0.5,-0.5,-0.14285714285714285,1.0,0.0,0.0,1,1,1,0,0,1,0,0,1,0,0,0,1,0,0,0,0,0,0,0,0,0,0,0,0,1,0,1,0,0,1,1,0,1,0
0.5,1.3072474245436472,0.0,-1.0,-1.0,0.7857142857142857,1.0,0.0,0.0,1,1,0,0,0,1,0,0,1,0,0,0,0,0,0,0,1,0,0,0,0,0,1,0,0,0,0,1,0,0,1,1,0,1,0
2.0,1.3112235676848003,0.0,-0.5,-1.0,0.5714285714285714,1.0,-1.0,0.0,0,1,1,0,0,0,1,0,0,0,0,0,1,0,0,0,0,0,0,0,1,0,0,0,0,0,0,1,0,1,0,0,0,1,0
-0.75,-0.3171877823965299,0.0,0.0,-0.5,-0.42857142857142855,1.0,0.0,0.0,0,1,1,0,0,1,0,0,1,0,0,0,1,0,0,0,0,0,0,0,1,0,0,0,0,0,0,1,0,0,1,1,0,1,0
-0.5,-0.1610337972166998,0.0,-0.5,-0.5,0.7857142857142857,0.0,-1.0,0.0,1,1,1,0,1,0,0,0,1,0,0,0,0,0,0,0,1,0,0,0,1,0,0,0,0,0,0,1,0,0,1,1,0,0,1
-0.5,-0.06416049159587928,0.0,0.5,-1.0,-0.2857142857142857,0.0,0.0,0.0,0,1,0,1,0,0,0,0,0,0,0,0,0,0,0,0,1,0,0,0,1,0,0,1,0,0,0,1,1,0,0,1,0,0,0
0.5,-0.3757455268389662,0.0,0.5,0.5,0.2857142857142857,1.0,0.0,0.0,1,1,1,0,0,1,1,0,0,0,1,0,0,0,0,0,0,0,0,0,0,1,0,0,0,0,0,1,0,1,0,1,0,1,0
3.5,1.8367973974335803,0.0,0.5,-0.5,-0.6428571428571429,0.0,-1.0,0.0,0,1,0,0,0,0,0,0,1,0,1,0,0,0,0,0,0,0,0,0,0,0,0,0,0,0,0,1,0,0,0,1,0,1,0
-0.75,-0.009217422736309416,0.0,-0.5,0.5,-0.7857142857142857,0.0,0.0,0.0,0,1,1,0,0,1,0,0,1,0,0,0,0,0,1,0,0,0,0,0,0,0,0,0,0,0,0,1,0,0,0,1,0,0,1
-0.5,-0.44623170070486173,0.0,0.5,0.5,1.1428571428571428,1.0,0.0,0.0,1,1,1,0,0,0,0,0,1,0,0,0,0,0,0,0,1,0,0,0,1,0,0,0,0,0,1,0,0,1,0,1,0,1,0
-0.25,-0.4939454183986987,0.0,0.0,-0.5,-0.21428571428571427,1.0,0.0,0.0,0,1,1,0,0,1,0,1,0,0,0,0,0,0,1,0,0,0,0,0,0,1,0,0,0,0,0,1,0,0,0,1,0,1,0
-0.5,-0.3847822157961323,0.0,0.0,-0.5,-0.5714285714285714,0.0,0.0,0.0,0,1,1,0,0,1,0,0,1,0,0,0,0,0,0,0,1,0,0,0,1,0,0,0,0,1,0,1,0,0,1,1,0,1,0
0.0,0.04897885414784023,0.0,-0.5,-0.5,-0.7857142857142857,0.0,0.0,0.0,0,1,0,1,0,0,0,0,1,0,0,0,0,0,1,0,0,0,0,0,1,0,0,0,0,1,0,1,0,0,1,1,0,1,0
-0.5,-0.05620820531357311,0.0,-0.5,-0.5,-0.2857142857142857,0.0,0.0,0.0,0,1,1,0,0,1,0,0,1,0,0,0,0,0,0,0,1,0,0,0,1,0,0,0,0,0,0,1,0,0,1,0,0,1,0
-0.8333333333333334,-0.3938189047532984,0.0,0.0,0.5,-0.6428571428571429,0.0,0.0,0.0,0,1,0,0,0,0,0,0,1,0,0,0,0,0,1,0,0,0,0,0,1,0,0,0,0,0,0,1,0,1,0,1,0,1,0
-0.25,-0.17404662931501896,0.0,0.5,-1.0,0.9285714285714286,0.0,0.0,0.0,0,1,1,1,0,0,0,0,1,0,0,0,0,0,1,0,0,0,0,0,1,0,0,0,0,0,1,0,0,0,0,1,0,0,1
0.0,-0.4386408819808422,0.0,0.5,0.5,-0.5,0.0,-1.0,1.0,0,1,1,0,0,0,0,0,1,0,0,0,0,0,0,0,1,0,0,0,1,0,0,0,0,0,1,0,0,1,0,1,0,1,0
-0.5833333333333334,-0.06669076450388578,0.0,-1.0,-0.5,-0.35714285714285715,0.0,0.0,0.0,1,1,1,0,0,1,0,0,1,0,0,0,1,0,0,0,0,0,0,0,0,1,0,1,0,0,0,1,0,1,0,1,0,1,0
0.5,0.10283752033255016,0.0,0.5,0.0,0.9285714285714286,1.0,0.0,0.0,0,1,1,0,0,1,1,0,0,0,0,0,0,0,0,0,1,0,0,0,1,0,0,0,1,0,0,0,0,1,0,1,0,1,0
-0.5,-0.5810590999457799,0.0,0.5,0.5,0.5714285714285714,0.0,-1.0,1.0,0,1,0,0,0,1,0,0,1,0,0,0,0,1,0,0,0,0,0,0,1,0,0,0,0,1,0,1,0,0,1,0,0,1,0
-1.0,0.11585035243086933,0.0,-0.5,0.0,0.7857142857142857,0.0,0.0,1.0,0,1,1,1,0,0,0,0,1,0,0,0,0,0,0,0,1,0,0,1,0,0,0,0,0,1,0,1,0,1,0,1,0,0,1
1.25,1.7807699258991505,0.0,0.0,-0.5,0.14285714285714285,1.0,-1.0,0.0,1,1,1,0,0,1,1,0,0,0,0,1,0,0,0,0,0,0,0,0,1,0,0,0,0,1,0,1,0,0,1,1,0,1,0
-0.5833333333333334,0.5828664377372131,0.0,-1.0,-0.5,0.5,1.0,-1.0,1.0,0,1,1,1,0,0,1,0,0,0,1,0,0,0,0,0,0,0,0,0,1,0,0,0,0,1,0,1,0,1,0,1,0,1,0
-0.5,-0.5528646303994217,0.0,0.5,0.0,0.0,0.0,-1.0,1.0,0,1,0,0,0,1,1,0,0,0,0,0,0,0,0,0,1,0,0,0,0,0,1,0,0,0,0,1,0,0,0,0,0,1,0
-1.0,-0.4079161395264775,0.0,0.5,0.5,0.14285714285714285,0.0,0.0,0.0,0,1,0,1,0,0,0,0,0,0,0,0,0,1,0,0,0,0,0,0,1,0,0,0,0,0,0,1,1,0,0,1,0,0,0
-0.4166666666666667,-0.08151093439363817,0.0,-0.5,0.5,-0.7142857142857143,0.0,-1.0,0.0,0,1,1,0,0,0,0,0,1,0,0,0,0,0,0,0,1,0,0,0,1,0,0,0,0,0,1,0,0,0,0,1,0,1,0
-0.5,-0.5875655159949394,0.0,0.5,-0.5,0.5,0.0,-1.0,0.0,0,1,1,1,0,0,0,0,1,0,0,0,0,0,0,0,1,0,0,0,1,0,0,0,1,0,0,1,0,1,0,1,0,1,0
-0.5833333333333334,1.7717332369419845,0.0,-1.0,0.5,0.42857142857142855,1.0,-1.0,0.0,0,1,1,0,0,1,1,0,0,0,1,0,0,0,0,0,0,0,0,0,1,0,0,0,0,1,0,1,0,0,0,1,0,1,0
1.0,0.27128140249412613,0.0,0.0,-0.5,0.5,1.0,0.0,1.0,1,1,1,0,0,1,1,0,0,0,0,0,0,0,0,0,1,0,0,0,0,0,1,0,0,1,0,1,0,0,1,1,0,1,0
-1.0,-0.6768480028917405,0.0,0.0,-1.0,-0.7857142857142857,0.0,-1.0,0.0,0,1,1,0,0,0,0,0,1,0,0,0,0,0,0,0,0,1,0,0,1,0,0,0,1,0,0,1,0,0,0,1,0,1,0
2.0,0.8926441351888668,0.0,0.5,0.5,1.6428571428571428,0.0,0.0,0.0,0,1,1,0,1,0,1,0,0,0,0,1,0,0,0,0,0,0,0,0,1,0,0,0,0,1,0,1,1,0,0,1,0,0,0
2.5,0.9099945779866258,1.0,0.0,-0.5,0.0,0.0,-1.0,0.0,1,1,0,0,0,1,0,0,1,0,0,0,1,0,0,0,0,0,0,0,1,0,0,0,0,1,0,1,0,0,1,0,0,0,1
3.5,1.7966744984637628,0.0,0.5,0.5,0.21428571428571427,0.0,0.0,0.0,0,1,0,1,0,0,0,0,1,0,0,0,1,0,0,0,0,0,0,0,1,0,0,0,0,1,0,0,1,0,0,1,0,0,1
-1.0,4.420206036508223,1.0,-1.0,-0.5,-0.7142857142857143,0.0,-1.0,0.0,1,1,0,0,0,0,0,0,1,0,1,0,0,0,0,0,0,0,0,0,0,0,1,0,0,1,0,1,0,0,0,1,0,1,0
0.5,0.020784384601482016,0.0,0.5,0.5,2.2142857142857144,0.0,-1.0,0.0,0,1,1,1,0,0,0,0,1,0,0,0,0,0,0,0,1,0,0,0,1,0,0,0,0,1,0,1,0,1,0,0,0,0,1
-0.25,-0.5250316284113501,0.0,0.5,-1.0,-0.6428571428571429,0.0,0.0,0.0,0,1,1,0,0,1,0,0,1,0,0,0,0,0,0,0,0,0,0,0,0,0,1,0,0,0,0,1,0,1,0,1,0,1,0
-0.25,0.1378998734863546,0.0,-0.5,0.0,-0.42857142857142855,1.0,-1.0,0.0,0,1,1,0,0,1,0,0,1,0,0,0,0,0,1,0,0,0,0,0,1,0,0,0,0,1,0,1,0,0,0,0,0,1,0
1.5,-0.17513103198987892,0.0,0.5,0.5,0.07142857142857142,0.0,0.0,0.0,1,1,0,1,0,0,0,0,1,0,1,0,0,0,0,0,0,0,0,0,1,0,0,0,0,0,0,1,0,0,1,1,0,1,0
0.25,0.3012832098319176,0.0,0.5,0.0,0.5714285714285714,0.0,0.0,0.0,1,1,1,0,0,1,0,0,1,0,0,0,0,0,0,0,1,0,0,0,0,0,1,0,0,1,0,1,0,0,0,1,0,1,0
-0.5,0.1924814747876378,1.0,0.5,0.5,0.35714285714285715,0.0,-1.0,0.0,1,1,1,0,0,1,0,0,1,0,1,0,0,0,0,0,0,0,0,0,0,0,1,0,0,1,0,1,1,0,0,1,0,1,0
0.5,-0.5102114585215977,0.0,0.5,-0.5,-0.2857142857142857,0.0,0.0,0.0,0,1,0,1,0,0,0,0,1,0,1,0,0,0,0,0,0,0,0,0,0,0,1,0,0,0,0,1,0,0,1,0,0,1,0
-0.5,-0.5666003976143141,0.0,0.5,-0.5,-0.5,0.0,0.0,0.0,0,1,0,1,0,0,0,0,1,0,1,0,0,0,0,0,0,0,0,0,1,0,0,0,0,1,0,1,0,1,0,1,0,1,0
0.5,0.6457617928790891,0.0,0.0,0.5,-0.35714285714285715,0.0,0.0,0.0,0,1,0,0,0,0,0,0,1,0,0,1,0,0,0,0,0,0,0,1,0,0,0,0,0,0,0,1,0,0,1,1,0,0,1
1.5,1.272908006506416,0.0,0.5,-1.0,-0.6428571428571429,0.0,0.0,0.0,0,1,1,0,1,0,0,0,1,0,0,0,0,0,0,0,1,0,0,0,1,0,0,0,0,1,0,1,0,0,1,1,0,1,0
1.0,0.4805711187420929,0.0,0.5,0.5,1.1428571428571428,1.0,-1.0,0.0,0,1,1,0,1,0,1,0,0,0,0,0,0,0,0,0,1,0,0,0,0,0,1,0,0,1,0,1,0,0,0,0,1,1,0
0.16666666666666666,1.7099222844749684,0.0,0.0,0.5,0.21428571428571427,1.0,-1.0,1.0,1,1,1,0,0,0,0,1,0,0,0,1,0,0,0,0,0,0,0,0,0,0,1,0,0,1,0,1,0,0,0,0,0,0,1
0.75,0.795047894451473,0.0,0.5,-0.5,-0.07142857142857142,1.0,-1.0,1.0,1,1,1,0,0,1,1,0,0,0,0,0,0,0,1,0,0,0,0,0,0,1,0,0,0,1,0,1,0,1,0,0,1,1,0
-0.5,0.2181456714259895,0.0,-0.5,-1.0,-0.42857142857142855,0.0,0.0,0.0,0,1,1,0,0,0,0,0,1,0,0,0,0,0,0,0,1,0,0,0,1,0,0,0,0,0,0,1,0,1,0,1,0,1,0
0.0,-0.6135911801915778,0.0,0.5,0.0,-0.07142857142857142,1.0,-1.0,0.0,1,1,1,0,0,1,1,0,0,0,0,0,0,0,0,0,1,0,0,1,0,0,0,0,0,1,0,1,0,0,0,0,0,1,0
0.0,0.05295499728899331,1.0,0.5,-1.0,-0.5714285714285714,0.0,-1.0,0.0,0,1,0,1,0,0,0,0,1,0,0,0,0,0,1,0,0,0,0,0,1,0,0,0,0,1,0,1,0,0,1,1,0,1,0
-0.4166666666666667,-0.19139707211277787,0.0,0.0,-1.0,-0.35714285714285715,1.0,-1.0,0.0,0,1,1,1,0,0,1,0,0,0,0,0,1,0,0,0,0,0,0,0,1,0,0,0,0,1,0,1,0,0,0,0,0,1,0
0.0,-0.37068498102295316,0.0,0.5,-0.5,-0.07142857142857142,0.0,-1.0,0.0,0,1,1,0,0,0,0,0,1,0,0,0,0,0,0,0,1,0,0,0,1,0,0,0,1,0,1,0,0,1,0,1,0,1,0
2.5,3.570395806976324,0.0,-0.5,-0.5,1.0714285714285714,0.0,-1.0,0.0,1,1,1,0,0,0,0,0,0,1,0,0,1,0,0,0,0,0,0,0,0,0,1,0,0,1,0,1,0,0,1,0,0,1,0
0.25,-0.4115308151093439,0.0,-0.5,0.5,0.42857142857142855,0.0,0.0,1.0,0,1,0,0,0,0,0,0,1,0,0,0,1,0,0,0,0,0,0,0,1,0,0,0,0,0,0,1,0,0,0,1,0,1,0
-0.5,-0.3081510934393638,0.0,0.5,-1.0,0.0,0.0,-1.0,0.0,1,1,1,0,1,0,0,0,1,0,0,0,0,0,1,0,0,0,0,0,1,0,0,0,0,0,0,1,0,0,0,0,0,1,0
-0.5,-0.1686246159407193,1.0,0.5,-0.5,0.07142857142857142,1.0,-1.0,0.0,1,1,1,0,0,0,1,0,0,0,0,1,0,0,0,0,0,0,0,0,1,0,0,0,0,1,0,1,0,0,1,1,0,1,0
1.0,0.6848002891740467,0.0,-0.5,-1.0,-0.35714285714285715,1.0,0.0,0.0,0,1,1,0,0,0,0,0,0,1,0,0,1,0,0,0,0,0,0,0,1,0,0,0,0,0,0,1,0,0,1,1,0,1,0
-0.25,-0.5510572926079884,0.0,0.5,0.0,0.2857142857142857,0.0,0.0,1.0,0,1,0,0,0,0,0,0,1,0,0,0,0,0,0,0,1,0,0,0,1,0,0,0,0,1,0,1,0,0,1,1,0,1,0
0.0,0.3316464847279957,0.0,-1.0,0.5,0.0,1.0,0.0,0.0,1,1,1,0,0,0,0,0,0,1,0,0,0,0,1,0,0,0,0,0,1,0,0,0,0,0,0,1,0,0,1,0,0,1,0
0.16666666666666666,1.497017892644135,1.0,-1.0,0.5,1.9285714285714286,0.0,-1.0,0.0,1,1,1,0,0,0,0,0,1,0,0,1,0,0,0,0,0,0,0,0,0,0,1,1,0,0,0,1,0,1,0,1,0,1,0
0.0,-0.1454906922103741,0.0,0.5,0.0,-0.42857142857142855,0.0,0.0,0.0,0,1,0,0,0,0,0,0,1,0,0,0,0,0,1,0,0,0,0,0,0,0,1,0,0,0,0,1,0,1,0,1,0,0,1
-0.25,-0.30670522320621724,0.0,0.5,0.5,0.7857142857142857,1.0,0.0,1.0,1,1,1,1,0,0,1,0,0,0,0,0,0,0,1,0,0,0,0,0,1,0,0,0,0,1,0,1,0,0,1,1,0,1,0
1.5,1.4377372130851256,0.0,0.5,0.5,0.21428571428571427,1.0,0.0,0.0,0,1,1,0,0,1,1,0,0,0,0,0,1,0,0,0,0,0,0,0,0,0,1,0,0,1,0,1,0,1,0,1,0,1,0
0.0,-0.68443882161576,1.0,0.0,0.5,-0.7857142857142857,0.0,0.0,0.0,0,1,0,0,0,1,0,0,1,0,0,0,0,0,0,0,1,0,0,0,1,0,0,0,0,0,0,0,0,1,0,1,0,0,1
-1.0,0.4878004699078258,0.0,-1.0,0.0,0.2857142857142857,2.0,0.0,1.0,0,1,1,1,0,0,1,0,0,0,1,0,0,0,0,0,0,0,0,0,1,0,0,0,0,1,0,1,0,1,0,1,0,0,1
0.16666666666666666,0.7032351346466654,0.0,-1.0,0.5,-0.6428571428571429,1.0,0.0,0.0,0,1,1,1,0,0,1,0,0,0,0,0,0,0,1,0,0,0,0,0,1,0,0,0,0,0,0,1,0,0,0,1,0,1,0
0.75,1.0722935116573287,1.0,-0.5,0.5,1.2142857142857142,1.0,0.0,0.0,1,1,0,1,0,0,0,0,0,1,0,0,1,0,0,0,0,0,0,0,1,0,0,0,0,1,0,1,0,0,0,0,1,1,0
0.75,1.0086752213988794,0.0,0.0,0.5,-0.5,1.0,0.0,0.0,0,1,1,0,0,1,0,1,0,0,0,0,1,0,0,0,0,0,0,0,1,0,0,0,0,1,0,1,0,0,1,1,0,1,0
0.0,-0.43213446593168264,1.0,0.5,-0.5,0.0,0.0,0.0,0.0,0,1,0,1,0,0,0,0,1,0,0,0,0,0,1,0,0,0,0,0,1,0,0,0,0,0,0,1,0,0,1,1,0,1,0
-0.5,-0.040665100307247425,0.0,0.5,0.0,-0.6428571428571429,0.0,-1.0,0.0,0,1,1,1,0,0,0,0,1,0,0,0,0,0,0,0,1,0,0,0,1,0,0,0,0,1,0,1,0,0,0,1,0,1,0
-0.5,-0.5015362371227182,0.0,0.5,-0.5,-0.35714285714285715,2.0,0.0,0.0,1,1,0,0,1,0,1,0,0,0,1,0,0,0,0,0,0,0,0,1,0,0,0,0,1,0,0,1,0,1,0,1,0,1,0
1.5,0.4585215976866076,0.0,0.5,-0.5,-0.35714285714285715,0.0,0.0,0.0,0,1,1,0,0,1,0,0,1,0,0,0,0,0,0,0,1,0,0,0,1,0,0,0,0,1,0,1,0,0,1,1,0,1,0
-0.5,0.38767395626242546,0.0,-0.5,0.0,0.2857142857142857,0.0,-1.0,0.0,0,1,1,0,1,0,0,0,1,0,0,0,0,0,0,0,1,0,0,0,0,0,1,0,0,1,0,1,0,0,1,1,0,1,0
0.0,0.19428881257907102,0.0,-0.5,-1.0,0.07142857142857142,0.0,-1.0,1.0,0,1,0,0,1,0,0,0,1,0,0,0,0,0,1,0,0,0,0,0,1,0,0,0,0,1,0,1,0,1,0,1,0,1,0
1.5,-0.13500813302006145,0.0,0.5,0.5,2.0,0.0,-1.0,0.0,1,1,0,0,0,0,0,0,0,1,0,0,1,0,0,0,0,0,0,0,1,0,0,0,0,1,0,1,1,0,0,1,0,0,0
0.5,0.3088740285559371,0.0,0.5,0.5,-0.5,0.0,0.0,0.0,1,1,1,0,0,1,0,0,1,0,0,0,0,0,0,0,1,0,0,0,1,0,0,0,0,0,0,1,0,0,0,1,0,1,0
0.5,0.30164467739020423,0.0,0.5,-0.5,-0.14285714285714285,0.0,0.0,0.0,1,1,0,1,0,0,0,0,0,0,0,0,1,0,0,0,0,0,0,0,1,0,0,0,0,1,0,1,0,0,0,1,0,0,1
-0.6666666666666666,-0.39598771010301825,0.0,0.0,0.5,-0.07142857142857142,1.0,-1.0,1.0,0,0,1,0,0,1,1,0,0,0,1,0,0,0,0,0,0,0,0,0,1,0,0,0,0,1,0,1,0,1,0,1,0,1,0
2.5,1.7753479125248508,0.0,0.0,0.0,-0.07142857142857142,1.0,0.0,1.0,0,1,1,0,0,1,0,1,0,0,0,0,0,0,0,0,1,0,0,0,0,0,1,0,0,1,0,1,0,0,1,0,0,1,0
-1.0,-0.21091632026025664,0.0,-1.0,-0.5,0.07142857142857142,1.0,-1.0,0.0,0,1,1,0,0,1,0,1,0,0,0,0,1,0,0,0,0,0,0,0,0,0,0,0,0,1,0,1,0,1,0,1,0,1,0
-0.5,-0.14151454906922104,0.0,0.5,0.5,0.7142857142857143,2.0,0.0,0.0,1,1,1,0,0,1,1,0,0,0,0,0,0,0,1,0,0,0,0,0,1,0,0,0,0,1,0,1,0,1,0,1,0,1,0
-1.0,-0.15488884872582687,0.0,-1.0,-0.5,0.07142857142857142,1.0,-1.0,1.0,0,1,1,0,0,1,1,0,0,0,0,0,0,0,0,0,1,0,0,0,0,0,1,0,0,1,0,1,0,1,0,1,0,1,0
-0.5,-0.15669618651726008,0.0,0.5,0.5,-0.2857142857142857,0.0,0.0,0.0,1,1,1,1,0,0,0,0,1,0,1,0,0,0,0,0,0,0,0,0,1,0,0,0,0,0,1,0,0,0,0,1,0,1,0
0.5,3.7059461413338153,0.0,0.5,-0.5,0.7857142857142857,0.0,-1.0,0.0,1,1,0,0,0,0,0,0,1,0,0,1,0,0,0,0,0,0,0,0,1,0,0,0,0,0,0,1,1,0,0,1,0,0,0
-0.5,1.356045544912344,0.0,-0.5,-0.5,-0.07142857142857142,0.0,0.0,0.0,0,1,1,0,0,0,0,0,1,0,1,0,0,0,0,0,0,0,0,0,1,0,0,0,0,1,0,1,0,0,1,1,0,1,0
-1.0,-0.6023856858846919,0.0,-0.5,0.5,-0.7142857142857143,0.0,-1.0,0.0,0,1,1,0,0,1,0,0,1,0,0,0,0,0,0,0,0,1,0,1,0,0,0,0,1,0,0,1,0,1,0,1,0,0,1
1.5,4.334538225194289,0.0,0.5,-0.5,1.7142857142857142,0.0,-1.0,0.0,1,1,0,0,0,0,0,0,1,0,1,0,0,0,0,0,0,0,0,0,1,0,0,0,0,1,0,1,1,0,0,1,0,0,0
-0.6666666666666666,-0.09307789625881077,0.0,-0.5,-1.0,-0.5,1.0,0.0,0.0,0,0,1,0,0,1,1,0,0,0,0,0,0,0,1,0,0,0,0,0,0,0,1,0,1,0,0,1,0,0,1,1,0,1,0
1.5,0.3334538225194289,0.0,-0.5,0.5,0.42857142857142855,0.0,-1.0,1.0,1,1,1,1,0,0,0,0,1,0,1,0,0,0,0,0,0,0,0,0,1,0,0,0,0,1,0,1,1,0,0,0,0,0,0
-0.6666666666666666,-0.3757455268389662,0.0,0.5,-0.5,0.8571428571428571,0.0,-1.0,0.0,0,0,1,0,0,1,0,0,1,0,1,0,0,0,0,0,0,0,0,0,0,0,1,0,0,1,0,0,0,0,0,1,0,1,0
2.0,2.5145490692210375,1.0,-1.0,-0.5,1.5714285714285714,0.0,-1.0,0.0,1,1,1,0,0,0,0,0,0,0,0,1,0,0,0,0,0,0,0,0,1,0,0,0,0,1,0,1,1,0,0,0,0,0,0
-0.5,-0.3602024218326405,0.0,0.5,-1.0,-0.5,0.0,0.0,0.0,0,1,1,0,1,0,0,0,1,0,1,0,0,0,0,0,0,0,0,0,1,0,0,0,0,1,0,1,0,1,0,1,0,1,0
0.0,0.20694017711910356,0.0,0.5,0.5,0.7142857142857143,0.0,0.0,1.0,0,1,1,0,0,0,0,1,0,0,1,0,0,0,0,0,0,0,0,0,0,0,1,0,0,1,0,1,0,0,1,1,0,1,0
-0.5,-0.6208205313573106,0.0,0.5,-1.0,-0.5,0.0,-1.0,0.0,0,1,0,0,1,0,0,0,0,0,0,0,1,0,0,0,0,0,0,0,1,0,0,0,0,0,0,1,0,1,0,1,0,1,0
-0.5,-0.37502259172239294,0.0,0.5,-1.0,-0.8571428571428571,0.0,-1.0,0.0,0,1,1,1,0,0,0,0,1,0,0,0,0,0,1,0,0,0,0,0,1,0,0,0,0,1,1,0,0,0,0,1,0,1,0
0.0,1.2794144225555757,0.0,-0.5,-0.5,-0.21428571428571427,1.0,0.0,0.0,1,1,1,0,0,0,0,0,1,0,1,0,0,0,0,0,0,0,0,0,0,0,0,0,0,1,0,1,0,0,1,1,0,1,0
-0.5,-0.6175673233327309,0.0,0.5,0.5,1.6428571428571428,0.0,0.0,0.0,0,1,1,0,0,1,1,0,0,0,0,0,0,0,0,0,1,0,0,0,1,0,0,0,0,1,0,1,0,1,0,1,0,1,0
1.0,0.8980661485631665,0.0,-0.5,0.5,-0.6428571428571429,0.0,-1.0,0.0,0,1,1,0,0,1,0,0,1,0,0,1,0,0,0,0,0,0,0,0,0,0,1,0,0,0,0,1,0,0,0,0,1,0,1
0.5,1.5501536237122717,1.0,-0.5,0.5,3.0,1.0,-1.0,0.0,1,1,1,1,0,0,1,0,0,0,0,1,0,0,0,0,0,0,0,0,1,0,0,0,0,1,0,1,1,0,0,1,0,0,0
0.5,0.21091632026025664,0.0,-0.5,-1.0,0.07142857142857142,0.0,-1.0,0.0,1,1,1,1,0,0,0,0,1,0,0,1,0,0,0,0,0,0,0,0,1,0,0,0,0,1,0,1,1,0,0,1,0,0,0
-1.0,-0.35225013555033435,1.0,-1.0,-0.5,-0.7142857142857143,0.0,-1.0,0.0,1,1,1,1,0,0,0,0,1,0,0,1,0,0,0,0,0,0,0,1,0,0,0,0,0,0,0,1,0,0,0,1,0,0,1
0.5,-0.2929694559913248,0.0,0.5,-1.0,0.7142857142857143,1.0,-1.0,0.0,0,1,1,0,0,1,1,0,0,0,0,0,0,0,0,0,1,0,0,0,0,1,0,0,0,0,0,1,0,1,0,1,0,1,0
0.5,0.18127598048075186,0.0,0.5,0.5,-0.7857142857142857,0.0,0.0,0.0,1,1,1,1,0,0,0,0,0,0,0,0,0,0,1,0,0,0,0,1,0,0,0,0,0,1,0,1,0,1,0,0,1,1,0
0.5,0.29694559913247787,0.0,0.0,-0.5,-0.14285714285714285,1.0,0.0,0.0,1,1,1,0,1,0,1,0,0,0,0,0,0,0,0,0,1,0,0,0,0,0,1,0,0,1,0,1,0,0,1,1,0,1,0
1.5,0.6013012832098319,0.0,0.0,-0.5,-0.2857142857142857,0.0,-1.0,0.0,0,1,1,0,0,0,0,0,0,0,0,0,0,0,0,0,0,0,0,0,0,0,1,0,0,0,0,1,1,0,0,0,0,1,0
1.5,4.890836797397434,1.0,-0.5,0.0,0.7142857142857143,0.0,-1.0,0.0,0,1,1,1,0,0,0,0,1,0,0,0,0,0,0,1,0,0,0,0,1,0,0,1,0,0,0,0,0,0,1,1,0,1,0
-0.6666666666666666,-0.46213627326947404,0.0,0.5,0.5,-0.7142857142857143,0.0,-1.0,0.0,0,1,1,0,0,0,0,0,0,0,0,0,0,0,0,0,1,0,0,0,1,0,0,0,0,1,0,1,0,1,0,0,1,1,0
-0.5,-0.3399602385685885,0.0,-0.5,-0.5,-0.5,0.0,0.0,0.0,0,1,0,0,0,1,0,0,1,0,1,0,0,0,0,0,0,0,0,1,0,0,0,0,0,0,0,1,0,0,0,1,0,1,0
0.5,1.021326585938912,0.0,0.5,-0.5,-0.5714285714285714,0.0,0.0,0.0,0,1,1,0,1,0,0,0,1,0,0,0,0,0,0,0,1,0,0,0,1,0,0,0,0,1,0,1,0,0,1,0,0,1,0
1.5,0.7690222302548346,0.0,0.5,0.5,0.07142857142857142,1.0,0.0,0.0,0,1,1,0,0,1,0,1,0,0,0,0,0,0,0,0,1,0,0,0,1,0,0,0,0,0,0,1,0,1,0,1,0,1,0
-1.0,-0.39418037231158504,0.0,-0.5,0.5,1.2142857142857142,0.0,0.0,0.0,0,1,1,0,0,1,0,0,1,0,0,1,0,0,0,0,0,0,0,1,0,0,0,0,0,1,0,1,0,0,0,1,0,0,1
1.75,0.942165190674137,0.0,-0.5,-0.5,-0.5714285714285714,1.0,0.0,0.0,0,1,0,0,0,0,1,0,0,0,0,0,0,0,0,0,1,0,0,0,1,0,0,0,0,1,1,0,0,1,0,1,0,1,0
1.0,1.3954455087655884,0.0,-1.0,0.5,-0.6428571428571429,1.0,0.0,0.0,0,1,1,1,0,0,1,0,0,0,0,1,0,0,0,0,0,0,0,0,0,0,0,0,1,0,0,1,0,0,1,1,0,0,1
2.5,3.3484547261883244,0.0,-0.5,0.5,-0.6428571428571429,1.0,-1.0,0.0,0,1,0,0,0,1,1,0,0,0,0,1,0,0,0,0,0,0,0,0,0,0,0,0,0,0,0,1,0,0,1,0,0,0,1
-0.4166666666666667,-0.522139887945057,0.0,0.5,0.5,-0.7142857142857143,1.0,0.0,0.0,0,1,1,0,0,0,1,0,0,0,0,0,0,0,0,0,1,0,0,0,1,0,0,0,0,1,1,0,0,1,0,1,0,1,0
0.5,2.5123802638713175,0.0,-0.5,0.5,1.0714285714285714,0.0,0.0,0.0,1,1,1,0,0,1,0,0,1,0,0,1,0,0,0,0,0,0,0,0,0,0,1,1,0,0,0,1,1,0,0,1,0,0,0
-1.1666666666666667,-0.2828483643592988,0.0,-0.5,-1.0,0.6428571428571429,2.0,-1.0,1.0,0,1,1,0,0,1,1,0,0,0,0,0,0,0,0,0,1,0,0,0,1,0,0,0,0,1,0,1,0,1,0,1,0,1,0
2.5,0.548527019699982,0.0,0.5,0.5,0.07142857142857142,0.0,-1.0,1.0,0,1,0,0,0,0,0,0,0,1,0,0,1,0,0,0,0,0,0,0,0,0,0,0,0,1,0,1,1,0,0,1,0,0,0
-0.8333333333333334,-0.5131031989878908,0.0,0.0,-0.5,-0.5,0.0,0.0,0.0,1,1,1,0,0,0,0,0,1,0,0,0,1,0,0,0,0,0,0,0,1,0,0,0,1,0,0,1,0,1,0,1,0,1,0
-0.5,-0.6099765046087113,0.0,0.5,-0.5,-0.21428571428571427,0.0,0.0,0.0,0,1,0,0,0,0,0,0,1,0,0,0,0,0,0,0,0,1,0,0,1,0,0,0,0,1,0,1,0,0,1,1,0,1,0
-0.25,-0.3399602385685885,0.0,0.5,-0.5,0.5,0.0,0.0,0.0,1,1,1,0,0,1,0,0,1,0,0,0,0,0,0,0,1,0,0,0,0,0,1,0,1,0,0,1,0,1,0,1,0,0,1
-0.25,-0.03813482739924092,0.0,-0.5,0.5,-0.9285714285714286,0.0,0.0,0.0,0,1,1,0,0,1,0,0,1,0,0,0,0,0,1,0,0,0,0,1,0,0,0,0,0,0,0,1,0,0,1,1,0,0,1
0.0,-0.1238026387131755,0.0,0.5,0.5,1.0,1.0,0.0,0.0,0,1,1,0,0,1,0,0,1,0,0,0,0,0,1,0,0,0,0,0,1,0,0,0,0,1,0,1,1,0,0,0,0,0,0
0.5,1.5371407916139526,1.0,0.5,-0.5,-0.2857142857142857,0.0,-1.0,0.0,1,1,1,1,0,0,0,0,1,0,0,1,0,0,0,0,0,0,0,0,1,0,0,0,0,1,0,1,1,0,0,1,0,0,0
0.25,0.05403939996385324,0.0,0.5,0.5,0.9285714285714286,0.0,-1.0,0.0,1,1,1,0,0,1,0,0,1,0,0,1,0,0,0,0,0,0,0,0,0,0,1,0,0,1,0,1,0,1,0,1,0,1,0
-1.1666666666666667,-0.30092174227363094,0.0,-1.0,-0.5,-0.2857142857142857,0.0,-1.0,1.0,0,0,1,0,1,0,0,0,1,0,1,0,0,0,0,0,0,0,0,0,0,0,1,0,0,1,0,1,0,1,0,1,0,1,0
-0.75,-0.3269474064702693,0.0,0.0,-0.5,-0.42857142857142855,0.0,-1.0,0.0,1,1,0,1,0,0,0,0,1,0,1,0,0,0,0,0,0,0,0,0,1,0,0,0,0,1,0,1,1,0,0,1,0,0,0
-1.0833333333333333,0.405385866618471,0.0,-1.0,0.5,2.9285714285714284,0.0,-1.0,0.0,0,1,1,0,0,1,0,0,1,0,0,0,1,0,0,0,0,0,0,0,1,0,0,0,0,1,0,1,0,1,0,1,0,1,0
0.0,-0.41080787999277063,1.0,-0.5,0.5,1.5714285714285714,2.0,-1.0,1.0,0,1,0,1,0,0,1,0,0,0,0,0,0,0,0,0,0,1,0,0,1,0,0,0,0,0,0,1,1,0,0,1,0,0,0
-0.6666666666666666,0.18850533164648473,0.0,-1.0,-0.5,-0.07142857142857142,0.0,0.0,1.0,0,1,1,0,0,1,0,0,1,0,0,1,0,0,0,0,0,0,0,0,0,0,0,0,0,1,0,0,0,1,0,1,0,1,0
-0.5,-0.5933489969275257,0.0,-0.5,0.0,-0.5714285714285714,0.0,-1.0,0.0,0,1,0,0,0,0,0,0,1,0,1,0,0,0,0,0,0,0,0,0,1,0,0,0,1,0,0,1,0,0,1,0,0,1,0
-0.25,-0.3189951201879631,0.0,0.5,-1.0,-0.7142857142857143,0.0,0.0,0.0,0,1,1,0,0,0,0,0,1,0,0,0,0,0,0,0,1,0,0,0,0,0,1,0,0,1,0,1,0,0,0,1,0,1,0
-0.25,0.1668172781492861,0.0,-0.5,0.0,-0.6428571428571429,1.0,0.0,0.0,0,1,1,0,0,1,1,0,0,0,0,0,0,0,1,0,0,0,0,0,1,0,0,0,0,0,0,0,0,0,1,0,0,1,0
-0.9166666666666666,0.03198987890836798,0.0,0.0,-0.5,0.07142857142857142,0.0,0.0,0.0,0,1,1,0,0,0,0,0,1,0,0,0,0,0,0,0,1,0,0,0,1,0,0,0,0,1,1,0,0,1,0,1,0,1,0
0.0,-0.19031266943791794,0.0,0.5,-0.5,-0.6428571428571429,1.0,0.0,0.0,0,1,1,0,0,1,1,0,0,0,0,0,0,0,0,0,1,0,0,0,1,0,0,0,0,1,0,1,0,0,1,1,0,1,0
-0.5,-0.7184167720947044,0.0,0.5,-1.0,0.8571428571428571,0.0,-1.0,0.0,0,1,1,1,0,0,0,0,0,0,0,0,0,0,0,0,0,0,1,0,1,0,0,0,1,0,0,1,0,0,1,0,0,1,0
-0.5,-0.14187601662750768,0.0,-0.5,-0.5,-0.5,1.0,0.0,0.0,0,1,1,0,0,1,1,0,0,0,0,0,0,0,0,0,1,0,0,0,1,0,0,0,0,1,0,1,1,0,0,1,0,1,0
0.5,-0.11006687149828302,0.0,0.5,0.5,0.2857142857142857,0.0,0.0,0.0,1,1,1,0,0,1,1,0,0,0,1,0,0,0,0,0,0,0,0,0,1,0,0,0,0,0,0,1,0,0,1,1,0,1,0
1.5,1.648472799566239,0.0,0.5,0.0,-0.2857142857142857,0.0,0.0,0.0,1,1,0,1,0,0,0,1,0,0,0,0,0,1,0,0,0,0,0,0,1,0,0,0,0,1,0,1,0,0,0,0,1,1,0
0.5,0.04934032170612687,0.0,0.5,0.0,-0.42857142857142855,1.0,0.0,0.0,1,1,1,0,0,1,1,0,0,0,1,0,0,0,0,0,0,0,0,0,0,0,0,0,1,0,0,1,0,0,0,1,0,1,0
0.0,-0.16717874570757274,0.0,0.5,-0.5,-0.21428571428571427,1.0,0.0,0.0,0,1,0,0,0,1,1,0,0,0,0,0,0,1,0,0,0,0,0,0,0,0,0,0,0,0,0,1,0,1,0,1,0,1,0
1.0,0.4028555937104645,0.0,-0.5,0.5,-0.8571428571428571,0.0,0.0,0.0,0,1,0,0,0,0,0,0,1,0,0,0,0,0,1,0,0,0,0,0,0,0,0,0,0,0,0,0,0,0,1,1,0,0,1
-1.0,-0.6869690945237665,0.0,0.5,0.5,0.42857142857142855,0.0,-1.0,0.0,0,1,1,0,0,1,0,0,0,1,0,0,0,0,0,0,1,0,0,0,1,0,0,0,1,0,0,1,0,0,1,1,0,1,0
-0.75,-0.36634737032351344,0.0,-1.0,0.5,-0.9285714285714286,0.0,0.0,0.0,0,1,1,0,0,1,0,0,1,0,0,0,0,0,1,0,0,0,0,0,1,0,0,0,0,1,0,1,0,0,1,1,0,1,0
3.5,4.817097415506958,0.0,-0.5,0.5,-0.8571428571428571,1.0,0.0,0.0,1,1,1,0,0,1,0,1,0,0,0,0,0,0,0,0,1,0,0,0,1,0,0,0,0,1,0,1,0,0,1,1,0,1,0
0.5,-0.2821254292427255,0.0,0.5,0.5,-0.6428571428571429,0.0,-1.0,0.0,0,1,0,1,0,0,0,0,0,0,0,0,0,0,0,0,1,0,0,0,1,0,0,0,0,1,1,0,0,0,1,0,0,0,1
1.5,2.171877823965299,0.0,0.0,0.5,1.0,0.0,0.0,0.0,0,1,0,1,0,0,0,0,1,0,0,1,0,0,0,0,0,0,0,0,0,0,1,0,0,1,0,1,1,0,0,1,0,0,0
-0.5,-0.5387673956262425,0.0,0.5,-0.5,-0.7142857142857143,0.0,-1.0,0.0,0,1,0,0,0,0,0,0,1,0,1,0,0,0,0,0,0,0,0,0,0,0,0,0,0,0,0,1,0,0,0,0,0,1,0
0.25,0.10103018254111694,0.0,0.5,0.5,-0.35714285714285715,0.0,-1.0,0.0,1,1,1,1,0,0,0,0,1,0,0,0,0,0,0,0,1,0,0,0,1,0,0,0,0,0,0,1,0,0,0,1,0,0,1
1.75,3.409904211097054,0.0,-0.5,0.0,-0.07142857142857142,0.0,0.0,0.0,1,1,1,0,0,0,0,1,0,0,0,0,0,1,0,0,0,0,0,0,0,0,0,0,0,1,0,1,1,0,0,1,0,0,1
0.25,-0.002711006687149828,0.0,-0.5,-1.0,0.0,0.0,0.0,0.0,0,1,0,0,1,0,1,0,0,0,0,0,0,1,0,0,0,0,0,0,1,0,0,1,0,0,0,1,0,0,1,1,0,0,1
1.0,0.7964937646846195,0.0,0.5,0.5,-0.5,0.0,-1.0,0.0,1,1,1,0,0,1,1,0,0,0,0,0,0,0,0,0,1,0,0,0,1,0,0,0,0,0,0,1,0,0,1,1,0,0,1
-0.5,0.4664738839689138,0.0,-1.0,0.5,-0.35714285714285715,2.0,0.0,0.0,1,1,1,0,0,0,1,0,0,0,0,0,0,0,1,0,0,0,0,0,1,0,0,0,0,1,0,1,0,0,1,1,0,0,1
0.5,-0.279595156334719,0.0,0.0,-0.5,-0.7142857142857143,1.0,0.0,0.0,1,1,1,0,0,0,0,1,0,0,0,0,0,0,0,0,1,0,0,0,0,0,0,0,0,0,0,1,0,0,0,1,0,0,1
-1.0,-0.2832098319175854,0.0,0.5,-0.5,0.0,0.0,0.0,0.0,0,1,1,0,0,1,0,0,1,0,0,0,0,0,1,0,0,0,0,0,0,1,0,1,0,0,0,1,0,1,0,1,0,1,0
-0.5,-0.4661124164106272,0.0,0.0,0.5,0.42857142857142855,0.0,-1.0,0.0,0,1,1,0,0,0,0,0,1,0,0,0,1,0,0,0,0,0,0,0,0,0,0,0,0,1,0,1,0,1,0,1,0,1,0
-0.6666666666666666,-0.5178022772456172,0.0,0.5,0.0,0.5,0.0,0.0,0.0,1,1,1,0,0,1,0,0,1,0,0,0,0,0,0,0,0,0,1,0,0,0,1,0,0,0,0,1,0,0,0,1,0,1,0
0.5,0.007048617386589554,0.0,0.5,0.0,0.14285714285714285,1.0,0.0,0.0,1,1,1,0,0,1,1,0,0,0,0,1,0,0,0,0,0,0,0,0,1,0,0,0,0,1,0,1,0,0,1,1,0,1,0
-1.0,-0.6276884149647569,0.0,0.0,0.0,-0.5,0.0,-1.0,0.0,0,0,1,0,0,0,0,0,1,0,0,0,0,0,0,0,1,0,0,0,1,0,0,0,1,0,0,1,0,1,0,1,0,1,0
0.5,1.1496475691306705,0.0,0.0,0.5,0.7857142857142857,1.0,0.0,0.0,0,1,1,0,0,1,1,0,0,0,0,0,0,0,0,0,0,1,0,0,1,0,0,0,0,1,0,1,1,0,0,1,0,0,0
2.0,1.7493222483282125,0.0,-0.5,0.5,-0.2857142857142857,0.0,0.0,0.0,1,1,1,0,0,1,0,0,1,0,0,0,0,0,0,0,1,0,0,0,0,0,1,0,1,0,0,1,0,0,0,1,0,0,1
0.0,-0.16067232965841316,0.0,0.5,0.5,-0.5714285714285714,1.0,0.0,0.0,0,1,0,1,0,0,0,0,1,0,0,0,0,0,0,0,1,0,0,0,1,0,0,0,0,0,0,1,0,0,1,0,0,0,1
-1.0,-0.5579251762154347,0.0,-1.0,-0.5,-0.5,0.0,-1.0,1.0,0,1,1,0,0,1,0,0,0,0,1,0,0,0,0,0,0,0,0,0,0,0,1,0,0,1,1,0,0,1,0,0,1,1,0
0.75,1.3151997108259534,0.0,-1.0,-0.5,-0.21428571428571427,1.0,-1.0,0.0,1,1,1,0,0,0,0,1,0,0,0,1,0,0,0,0,0,0,0,0,1,0,0,0,0,1,0,1,0,0,1,1,0,1,0
-0.6666666666666666,-0.39273450207843846,0.0,-1.0,0.5,1.0714285714285714,0.0,-1.0,1.0,0,1,0,0,1,0,0,0,1,0,1,0,0,0,0,0,0,0,0,0,0,0,0,0,0,0,0,1,1,0,0,1,0,0,0
-0.5,-0.5846737755286463,0.0,0.5,0.5,1.7142857142857142,0.0,-1.0,0.0,0,1,0,1,0,0,0,0,1,0,0,0,0,0,0,0,1,0,0,0,1,0,0,0,0,1,0,1,0,1,0,0,1,1,0
1.5,-0.019338514368335443,0.0,0.0,-1.0,-0.07142857142857142,1.0,0.0,1.0,0,1,1,0,0,0,0,0,1,0,0,0,0,1,0,0,0,0,0,0,1,0,0,0,0,1,0,1,0,0,1,1,0,1,0
1.5,0.8922826676305802,0.0,0.5,-1.0,-0.21428571428571427,0.0,-1.0,0.0,1,1,1,0,0,0,0,0,1,0,0,0,0,0,0,0,1,0,0,0,1,0,0,0,0,0,0,1,1,0,0,1,0,1,0
3.5,4.229351165732876,0.0,0.5,-0.5,-0.42857142857142855,0.0,-1.0,0.0,1,1,0,0,0,0,0,0,1,0,1,0,0,0,0,0,0,0,0,0,1,0,0,0,0,1,0,1,1,0,0,1,0,1,0
-0.75,-0.10717513103198988,0.0,-0.5,-1.0,-0.6428571428571429,0.0,0.0,0.0,1,1,1,0,0,0,0,0,1,0,0,0,0,0,1,0,0,0,0,0,0,0,1,0,0,1,0,1,0,0,1,1,0,1,0
-1.0,-0.34899692752575456,0.0,-0.5,0.5,0.5,0.0,-1.0,1.0,0,0,1,1,0,0,1,0,0,0,1,0,0,0,0,0,0,0,0,0,1,0,0,0,0,1,0,1,0,1,0,1,0,1,0
-0.5,-0.012470630760889211,1.0,0.5,-0.5,0.6428571428571429,1.0,-1.0,0.0,1,1,0,0,0,1,1,0,0,0,0,0,1,0,0,0,0,0,0,0,1,0,0,0,0,1,0,1,0,0,1,0,1,1,0
-0.5,0.001626604012289897,0.0,-1.0,0.5,1.1428571428571428,0.0,0.0,0.0,1,1,1,0,0,1,1,0,0,0,0,0,0,0,0,0,1,0,0,0,0,0,1,0,0,1,0,0,0,1,0,1,0,1,0
